x,y,Red,Green,NIR,RedEdge,MCARI,RDVI,SAVI,MSAVI,NDVI
20,619,0.2609170305231787,0.15090329434263694,0.07545164717131847,0.07363927426733603,-0.04926695169856661,-0.3197780566272007,-0.33262217202354627,-0.2624477428467924,0.551358948939403
32,301,0.3438864628234364,0.31562167901241667,0.3655685440413176,0.16328708641887554,0.012429574000082898,0.025741599142214595,0.026890505349972556,0.025422879621112338,0.030561173843693366
127,310,0.4836244540659756,0.38257173213626267,0.38894792767186703,0.15261472782940655,-0.07716621595546772,-0.10135357605566832,-0.10346539801324384,-0.10079015164790195,0.10850152605723444
293,253,0.4519650654250878,0.3018065886852739,0.4325185971651636,0.12806830307362788,-0.04362636968010449,-0.020677271838846396,-0.021068852602159353,-0.020625598992523253,0.021985981926239462
357,290,0.35480349338925976,0.3560042507379111,0.505844845824614,0.25293489857041507,0.17260971520773963,0.16280974975212004,0.16650909908448341,0.1634428091672281,0.17549510988920602
459,251,0.1965065501848208,0.2550478214241751,0.09670563228999972,0.05442902880629185,-0.033527935017414204,-0.18430457474906783,-0.18872565144726222,-0.14872004557084872,0.34035936879706896
504,7,0.1102620087148161,0.4240170031176911,0.4888416577296689,0.37780149406720226,1.6207894351097436,0.4891056050002022,0.5166612654419769,0.5191092591041963,0.6318995095212023
572,617,0.09716157203582805,0.07226354940351627,0.03931987246956033,0.07790821770312363,-0.020739192988211513,-0.156562706004042,-0.13631376499110703,-0.09829232664118548,0.42377528101768314
628,619,0.14628820958203326,0.18490967053252694,0.10520722633747223,0.16435432227782243,-0.01807925190175462,-0.08191570795243519,-0.08199738718473643,-0.0644477330191211,0.16334035236018385
64,533,0.20196506546773246,0.13602550475956005,0.08182784270692284,0.08217716113891121,-0.04428068440697947,-0.22551174281327097,-0.22991217586355428,-0.17895996156714244,0.42331215299448105
155,516,0.245633187731026,0.1806588735087907,0.236981934073296,0.1291355389325748,-0.019213643289174114,-0.0124530070324295,-0.013206343565643158,-0.011646735165549038,0.017925417313806574
315,514,0.7543668120983954,0.5812964929959324,0.6014877788586795,0.17502668086729142,-0.1251149804745934,-0.13129248095580753,-0.12356429447334967,-0.13100297228407287,0.11275393525312245
449,499,0.31331877723913093,0.26886291175131793,0.404888416510878,0.11632870862521198,0.08317286285053538,0.1080496980007012,0.1127503731812961,0.10759061594833041,0.12749573134508463
576,501,0.24235807856127897,0.24973432514450478,0.23060573853769165,0.06296691567786704,-0.0075419332115898245,-0.017088569060058175,-0.018118170957339086,-0.015912459289862846,0.02484775471637613
20,619,0.2609170305231787,0.15090329434263694,0.07545164717131847,0.07363927426733603,-0.04926695169856661,-0.3197780566272007,-0.33262217202354627,-0.2624477428467924,0.551358948939403
588,598,0.08187772924367533,0.28161530282252667,0.04782146651703283,0.4290288152966534,0.007418113228070604,-0.09456090593910559,-0.08112379067814267,-0.05899060411629897,0.2625585910965393
477,613,0.5513100435740805,0.5090329435924161,0.6131774706739543,0.23052294553253017,0.04564298262196447,0.05733141723797281,0.055753233792162044,0.05703863023792666,0.05312798917546113
317,297,0.45524017459483485,0.45802337930758114,0.48777895847373487,0.15474919954730035,0.02848744167789262,0.03350726593674697,0.03382343460657233,0.03350977833975155,0.034504555212768594
414,13,0.1331877729030452,0.1115834218730766,0.1721572794613182,0.45357524005243205,0.03470956941108176,0.07052162237426045,0.07258196514296107,0.060719299118788594,0.12762029242917586
357,2,0.15502183403469194,0.10733262484934035,0.1115834218730766,0.127001067214681,-0.03187648727839106,-0.08412623303872037,-0.08499389712727892,-0.0673209210026966,0.16292545511797862
299,6,0.08951965063975169,0.06269925610010971,0.06801275237978002,0.08110992527996433,-0.01714538573446262,-0.05418499745087696,-0.04906200338625796,-0.0366791386942551,0.1365149885584496
504,611,0.3504366811629304,0.4272051008854933,0.6397449520723059,0.23692636068621156,0.45053709707532524,0.29073759517175896,0.29121246400631806,0.29097993904080277,0.2921740021611787
20,15,0.19323144101507378,0.17959617425285662,0.1976620616037357,0.06830309497260154,0.000836144920944401,0.0070864693440055165,0.007459767387558454,0.006379841090020322,0.011334311372760052
588,598,0.08187772924367533,0.28161530282252667,0.04782146651703283,0.4290288152966534,0.007418113228070604,-0.09456090593910559,-0.08112379067814267,-0.05899060411629897,0.2625585910965393
477,613,0.5513100435740805,0.5090329435924161,0.6131774706739543,0.23052294553253017,0.04564298262196447,0.05733141723797281,0.055753233792162044,0.05703863023792666,0.05312798917546113
317,297,0.45524017459483485,0.45802337930758114,0.48777895847373487,0.15474919954730035,0.02848744167789262,0.03350726593674697,0.03382343460657233,0.03350977833975155,0.034504555212768594
414,13,0.1331877729030452,0.1115834218730766,0.1721572794613182,0.45357524005243205,0.03470956941108176,0.07052162237426045,0.07258196514296107,0.060719299118788594,0.12762029242917586
357,2,0.15502183403469194,0.10733262484934035,0.1115834218730766,0.127001067214681,-0.03187648727839106,-0.08412623303872037,-0.08499389712727892,-0.0673209210026966,0.16292545511797862
299,6,0.08951965063975169,0.06269925610010971,0.06801275237978002,0.08110992527996433,-0.01714538573446262,-0.05418499745087696,-0.04906200338625796,-0.0366791386942551,0.1365149885584496
562,76,0.34497816588001873,0.1115834218730766,0.1147715196408788,0.16542155813676934,-0.07679784604237568,-0.33950987270300437,-0.35978794387190693,-0.3008470126865065,0.5007108151898804
240,92,0.48799126629230494,0.34006376189890014,0.41657810832615266,0.12593383135573408,-0.07402439921271624,-0.07508529706918912,-0.07626463837774432,-0.07485607836968988,0.07894625984442055
562,76,0.34497816588001873,0.1115834218730766,0.1147715196408788,0.16542155813676934,-0.07679784604237568,-0.33950987270300437,-0.35978794387190693,-0.3008470126865065,0.5007108151898804
240,92,0.48799126629230494,0.34006376189890014,0.41657810832615266,0.12593383135573408,-0.07402439921271624,-0.07508529706918912,-0.07626463837774432,-0.07485607836968988,0.07894625984442055
603,565,0.24126637550469662,0.5876726885315368,0.39957492023120766,0.33404482385037937,0.32447417389827654,0.19775419987358772,0.2081452815400787,0.1977074400695814,0.24702852165545713
545,597,0.07423580784759896,0.0743889479153844,0.07120085014758222,0.043756670216822856,-0.0022990169121908798,-0.007957939876937098,-0.00705315484756395,-0.0052888069517482705,0.02086646111745991
479,613,0.5567685588569923,0.4346439956770317,0.6503719446316465,0.221985058660955,0.05893970306099575,0.0851944049471711,0.08224532795023536,0.0844691579233694,0.07754081731171722
414,624,0.48253275100939325,0.3857598299040648,0.4633368755872514,0.211312700071486,-0.03332971017652264,-0.019737380698703594,-0.019914370121541763,-0.019724488124877704,0.020294183492606588
357,620,0.7412663754194073,0.5866099892756027,0.6482465461197784,0.22091782280200808,-0.09212613688651326,-0.07891194518569546,-0.07384391314226253,-0.07833806976237812,0.06694372819136361
299,615,0.6779475981376317,0.5887353877874708,0.5270988309432952,0.19530416218728253,-0.10769772016833112,-0.13741622557620148,-0.13270711597302634,-0.13764556167742814,0.12517982094519786
292,71,0.24344978161786132,0.21253985118681257,0.42614240162955924,0.16221985055992866,0.24500165971855736,0.22326085325917158,0.23430097800070485,0.22446262384002613,0.27283756381604785
364,46,0.09279475980949871,0.07545164717131847,0.06163655684417565,0.06616862325470774,-0.01885874682254777,-0.0792849376645138,-0.07141558262673728,-0.05297879630208735,0.20174786435553355
433,197,0.3155021833522956,0.252922422912307,0.20297555788340602,0.17822838844413214,-0.06596435674400883,-0.15627377649765867,-0.16572606047413246,-0.14509750267575583,0.21702854680992478
126,307,0.4410480348592644,0.3581296492497792,0.39107332618373514,0.1120597651894244,-0.05015315878594831,-0.05478407492212742,-0.056272276283640885,-0.054421831501637374,0.060056274066104115
572,617,0.09716157203582805,0.07226354940351627,0.03931987246956033,0.07790821770312363,-0.020739192988211513,-0.156562706004042,-0.13631376499110703,-0.09829232664118548,0.42377528101768314
628,619,0.14628820958203326,0.18490967053252694,0.10520722633747223,0.16435432227782243,-0.01807925190175462,-0.08191570795243519,-0.08199738718473643,-0.0644477330191211,0.16334035236018385
64,533,0.20196506546773246,0.13602550475956005,0.08182784270692284,0.08217716113891121,-0.04428068440697947,-0.22551174281327097,-0.22991217586355428,-0.17895996156714244,0.42331215299448105
155,516,0.245633187731026,0.1806588735087907,0.236981934073296,0.1291355389325748,-0.019213643289174114,-0.0124530070324295,-0.013206343565643158,-0.011646735165549038,0.017925417313806574
315,514,0.7543668120983954,0.5812964929959324,0.6014877788586795,0.17502668086729142,-0.1251149804745934,-0.13129248095580753,-0.12356429447334967,-0.13100297228407287,0.11275393525312245
449,499,0.31331877723913093,0.26886291175131793,0.404888416510878,0.11632870862521198,0.08317286285053538,0.1080496980007012,0.1127503731812961,0.10759061594833041,0.12749573134508463
576,501,0.24235807856127897,0.24973432514450478,0.23060573853769165,0.06296691567786704,-0.0075419332115898245,-0.017088569060058175,-0.018118170957339086,-0.015912459289862846,0.02484775471637613
603,565,0.24126637550469662,0.5876726885315368,0.39957492023120766,0.33404482385037937,0.32447417389827654,0.19775419987358772,0.2081452815400787,0.1977074400695814,0.24702852165545713
545,597,0.07423580784759896,0.0743889479153844,0.07120085014758222,0.043756670216822856,-0.0022990169121908798,-0.007957939876937098,-0.00705315484756395,-0.0052888069517482705,0.02086646111745991
479,613,0.5567685588569923,0.4346439956770317,0.6503719446316465,0.221985058660955,0.05893970306099575,0.0851944049471711,0.08224532795023536,0.0844691579233694,0.07754081731171722
414,624,0.48253275100939325,0.3857598299040648,0.4633368755872514,0.211312700071486,-0.03332971017652264,-0.019737380698703594,-0.019914370121541763,-0.019724488124877704,0.020294183492606588
357,620,0.7412663754194073,0.5866099892756027,0.6482465461197784,0.22091782280200808,-0.09212613688651326,-0.07891194518569546,-0.07384391314226253,-0.07833806976237812,0.06694372819136361
299,615,0.6779475981376317,0.5887353877874708,0.5270988309432952,0.19530416218728253,-0.10769772016833112,-0.13741622557620148,-0.13270711597302634,-0.13764556167742814,0.12517982094519786
292,71,0.24344978161786132,0.21253985118681257,0.42614240162955924,0.16221985055992866,0.24500165971855736,0.22326085325917158,0.23430097800070485,0.22446262384002613,0.27283756381604785
364,46,0.09279475980949871,0.07545164717131847,0.06163655684417565,0.06616862325470774,-0.01885874682254777,-0.0792849376645138,-0.07141558262673728,-0.05297879630208735,0.20174786435553355
433,197,0.3155021833522956,0.252922422912307,0.20297555788340602,0.17822838844413214,-0.06596435674400883,-0.15627377649765867,-0.16572606047413246,-0.14509750267575583,0.21702854680992478
126,307,0.4410480348592644,0.3581296492497792,0.39107332618373514,0.1120597651894244,-0.05015315878594831,-0.05478407492212742,-0.056272276283640885,-0.054421831501637374,0.060056274066104115
504,611,0.3504366811629304,0.4272051008854933,0.6397449520723059,0.23692636068621156,0.45053709707532524,0.29073759517175896,0.29121246400631806,0.29097993904080277,0.2921740021611787
20,15,0.19323144101507378,0.17959617425285662,0.1976620616037357,0.06830309497260154,0.000836144920944401,0.0070864693440055165,0.007459767387558454,0.006379841090020322,0.011334311372760052
565,630,0.15174672486494495,0.10520722633747223,0.04994686502890096,0.044823906075769755,-0.029867325422203887,-0.2266680876119694,-0.21761295701515332,-0.16141891720798673,0.5047003172748427
572,21,0.1823144104492504,0.3294367693395595,0.18490967053252694,0.35112059759352976,0.03194734473422678,0.004282619575450854,0.0044888584539348525,0.003799741579779914,0.007067047310550642
628,15,0.13100436678988053,0.1402763017832963,0.04782146651703283,0.15795090712414106,-0.0236131599321209,-0.19670110572035124,-0.18380637414475468,-0.13516767075912273,0.4651355562198581
565,630,0.15174672486494495,0.10520722633747223,0.04994686502890096,0.044823906075769755,-0.029867325422203887,-0.2266680876119694,-0.21761295701515332,-0.16141891720798673,0.5047003172748427
572,21,0.1823144104492504,0.3294367693395595,0.18490967053252694,0.35112059759352976,0.03194734473422678,0.004282619575450854,0.0044888584539348525,0.003799741579779914,0.007067047310550642
628,15,0.13100436678988053,0.1402763017832963,0.04782146651703283,0.15795090712414106,-0.0236131599321209,-0.19670110572035124,-0.18380637414475468,-0.13516767075912273,0.4651355562198581
20,619,0.2609170305231787,0.15090329434263694,0.07545164717131847,0.07363927426733603,-0.04926695169856661,-0.3197780566272007,-0.33262217202354627,-0.2624477428467924,0.551358948939403
565,630,0.15174672486494495,0.10520722633747223,0.04994686502890096,0.044823906075769755,-0.029867325422203887,-0.2266680876119694,-0.21761295701515332,-0.16141891720798673,0.5047003172748427
572,21,0.1823144104492504,0.3294367693395595,0.18490967053252694,0.35112059759352976,0.03194734473422678,0.004282619575450854,0.0044888584539348525,0.003799741579779914,0.007067047310550642
628,15,0.13100436678988053,0.1402763017832963,0.04782146651703283,0.15795090712414106,-0.0236131599321209,-0.19670110572035124,-0.18380637414475468,-0.13516767075912273,0.4651355562198581
504,611,0.3504366811629304,0.4272051008854933,0.6397449520723059,0.23692636068621156,0.45053709707532524,0.29073759517175896,0.29121246400631806,0.29097993904080277,0.2921740021611787
20,15,0.19323144101507378,0.17959617425285662,0.1976620616037357,0.06830309497260154,0.000836144920944401,0.0070864693440055165,0.007459767387558454,0.006379841090020322,0.011334311372760052
614,358,0.35262008727609506,0.3528161529701089,0.5441020190382402,0.27427961574935306,0.23642308250736593,0.20220710726482077,0.20563920711951827,0.2031589843692162,0.21353303035011245
32,301,0.3438864628234364,0.31562167901241667,0.3655685440413176,0.16328708641887554,0.012429574000082898,0.025741599142214595,0.026890505349972556,0.025422879621112338,0.030561173843693366
127,310,0.4836244540659756,0.38257173213626267,0.38894792767186703,0.15261472782940655,-0.07716621595546772,-0.10135357605566832,-0.10346539801324384,-0.10079015164790195,0.10850152605723444
293,253,0.4519650654250878,0.3018065886852739,0.4325185971651636,0.12806830307362788,-0.04362636968010449,-0.020677271838846396,-0.021068852602159353,-0.020625598992523253,0.021985981926239462
357,290,0.35480349338925976,0.3560042507379111,0.505844845824614,0.25293489857041507,0.17260971520773963,0.16280974975212004,0.16650909908448341,0.1634428091672281,0.17549510988920602
459,251,0.1965065501848208,0.2550478214241751,0.09670563228999972,0.05442902880629185,-0.033527935017414204,-0.18430457474906783,-0.18872565144726222,-0.14872004557084872,0.34035936879706896
504,7,0.1102620087148161,0.4240170031176911,0.4888416577296689,0.37780149406720226,1.6207894351097436,0.4891056050002022,0.5166612654419769,0.5191092591041963,0.6318995095212023
588,598,0.08187772924367533,0.28161530282252667,0.04782146651703283,0.4290288152966534,0.007418113228070604,-0.09456090593910559,-0.08112379067814267,-0.05899060411629897,0.2625585910965393
477,613,0.5513100435740805,0.5090329435924161,0.6131774706739543,0.23052294553253017,0.04564298262196447,0.05733141723797281,0.055753233792162044,0.05703863023792666,0.05312798917546113
317,297,0.45524017459483485,0.45802337930758114,0.48777895847373487,0.15474919954730035,0.02848744167789262,0.03350726593674697,0.03382343460657233,0.03350977833975155,0.034504555212768594
414,13,0.1331877729030452,0.1115834218730766,0.1721572794613182,0.45357524005243205,0.03470956941108176,0.07052162237426045,0.07258196514296107,0.060719299118788594,0.12762029242917586
357,2,0.15502183403469194,0.10733262484934035,0.1115834218730766,0.127001067214681,-0.03187648727839106,-0.08412623303872037,-0.08499389712727892,-0.0673209210026966,0.16292545511797862
299,6,0.08951965063975169,0.06269925610010971,0.06801275237978002,0.08110992527996433,-0.01714538573446262,-0.05418499745087696,-0.04906200338625796,-0.0366791386942551,0.1365149885584496
2,358,0.1331877729030452,0.11370882038494473,0.5132837406161523,0.16328708641887554,1.1567611885616744,0.4727322175207444,0.4972988555570086,0.49699698833488104,0.5879456078425478
250,346,0.6080786025163621,0.4867162592178008,0.5026567480568117,0.18249733187991973,-0.08977889029279842,-0.10002840223362035,-0.09817365308358598,-0.10014161735513594,0.0949108946000142
626,301,0.30240174667330755,0.23910733258516415,0.24017003184109822,0.16862326571361003,-0.04959212073488724,-0.08448491991019713,-0.08953501850598507,-0.07977820739853891,0.11469555638641755
565,27,0.10043668120557507,0.1232731136883513,0.04994686502890096,0.11739594448415888,-0.017813677745742693,-0.13019346752161973,-0.11644445978489427,-0.08520759515805865,0.33571797353760807
439,30,0.07860262007392832,0.2518597236563729,0.10414452708153817,0.13020277479152167,0.07297550954628787,0.05974700764493675,0.05611492058917698,0.043870672926527354,0.13975873600797298
346,190,0.09606986897924572,0.12114771517648316,0.08820403824252722,0.045891141934716655,-0.0011724107822851978,-0.018323182706031404,-0.017242472972182087,-0.013223973277096901,0.04268322235189469
2,358,0.1331877729030452,0.11370882038494473,0.5132837406161523,0.16328708641887554,1.1567611885616744,0.4727322175207444,0.4972988555570086,0.49699698833488104,0.5879456078425478
250,346,0.6080786025163621,0.4867162592178008,0.5026567480568117,0.18249733187991973,-0.08977889029279842,-0.10002840223362035,-0.09817365308358598,-0.10014161735513594,0.0949108946000142
626,301,0.30240174667330755,0.23910733258516415,0.24017003184109822,0.16862326571361003,-0.04959212073488724,-0.08448491991019713,-0.08953501850598507,-0.07977820739853891,0.11469555638641755
565,27,0.10043668120557507,0.1232731136883513,0.04994686502890096,0.11739594448415888,-0.017813677745742693,-0.13019346752161973,-0.11644445978489427,-0.08520759515805865,0.33571797353760807
439,30,0.07860262007392832,0.2518597236563729,0.10414452708153817,0.13020277479152167,0.07297550954628787,0.05974700764493675,0.05611492058917698,0.043870672926527354,0.13975873600797298
346,190,0.09606986897924572,0.12114771517648316,0.08820403824252722,0.045891141934716655,-0.0011724107822851978,-0.018323182706031404,-0.017242472972182087,-0.013223973277096901,0.04268322235189469
2,358,0.1331877729030452,0.11370882038494473,0.5132837406161523,0.16328708641887554,1.1567611885616744,0.4727322175207444,0.4972988555570086,0.49699698833488104,0.5879456078425478
250,346,0.6080786025163621,0.4867162592178008,0.5026567480568117,0.18249733187991973,-0.08977889029279842,-0.10002840223362035,-0.09817365308358598,-0.10014161735513594,0.0949108946000142
626,301,0.30240174667330755,0.23910733258516415,0.24017003184109822,0.16862326571361003,-0.04959212073488724,-0.08448491991019713,-0.08953501850598507,-0.07977820739853891,0.11469555638641755
565,27,0.10043668120557507,0.1232731136883513,0.04994686502890096,0.11739594448415888,-0.017813677745742693,-0.13019346752161973,-0.11644445978489427,-0.08520759515805865,0.33571797353760807
439,30,0.07860262007392832,0.2518597236563729,0.10414452708153817,0.13020277479152167,0.07297550954628787,0.05974700764493675,0.05611492058917698,0.043870672926527354,0.13975873600797298
346,190,0.09606986897924572,0.12114771517648316,0.08820403824252722,0.045891141934716655,-0.0011724107822851978,-0.018323182706031404,-0.017242472972182087,-0.013223973277096901,0.04268322235189469
614,358,0.35262008727609506,0.3528161529701089,0.5441020190382402,0.27427961574935306,0.23642308250736593,0.20220710726482077,0.20563920711951827,0.2031589843692162,0.21353303035011245
572,617,0.09716157203582805,0.07226354940351627,0.03931987246956033,0.07790821770312363,-0.020739192988211513,-0.156562706004042,-0.13631376499110703,-0.09829232664118548,0.42377528101768314
628,619,0.14628820958203326,0.18490967053252694,0.10520722633747223,0.16435432227782243,-0.01807925190175462,-0.08191570795243519,-0.08199738718473643,-0.0644477330191211,0.16334035236018385
64,533,0.20196506546773246,0.13602550475956005,0.08182784270692284,0.08217716113891121,-0.04428068440697947,-0.22551174281327097,-0.22991217586355428,-0.17895996156714244,0.42331215299448105
155,516,0.245633187731026,0.1806588735087907,0.236981934073296,0.1291355389325748,-0.019213643289174114,-0.0124530070324295,-0.013206343565643158,-0.011646735165549038,0.017925417313806574
315,514,0.7543668120983954,0.5812964929959324,0.6014877788586795,0.17502668086729142,-0.1251149804745934,-0.13129248095580753,-0.12356429447334967,-0.13100297228407287,0.11275393525312245
449,499,0.31331877723913093,0.26886291175131793,0.404888416510878,0.11632870862521198,0.08317286285053538,0.1080496980007012,0.1127503731812961,0.10759061594833041,0.12749573134508463
576,501,0.24235807856127897,0.24973432514450478,0.23060573853769165,0.06296691567786704,-0.0075419332115898245,-0.017088569060058175,-0.018118170957339086,-0.015912459289862846,0.02484775471637613
562,76,0.34497816588001873,0.1115834218730766,0.1147715196408788,0.16542155813676934,-0.07679784604237568,-0.33950987270300437,-0.35978794387190693,-0.3008470126865065,0.5007108151898804
240,92,0.48799126629230494,0.34006376189890014,0.41657810832615266,0.12593383135573408,-0.07402439921271624,-0.07508529706918912,-0.07626463837774432,-0.07485607836968988,0.07894625984442055
32,301,0.3438864628234364,0.31562167901241667,0.3655685440413176,0.16328708641887554,0.012429574000082898,0.025741599142214595,0.026890505349972556,0.025422879621112338,0.030561173843693366
127,310,0.4836244540659756,0.38257173213626267,0.38894792767186703,0.15261472782940655,-0.07716621595546772,-0.10135357605566832,-0.10346539801324384,-0.10079015164790195,0.10850152605723444
293,253,0.4519650654250878,0.3018065886852739,0.4325185971651636,0.12806830307362788,-0.04362636968010449,-0.020677271838846396,-0.021068852602159353,-0.020625598992523253,0.021985981926239462
357,290,0.35480349338925976,0.3560042507379111,0.505844845824614,0.25293489857041507,0.17260971520773963,0.16280974975212004,0.16650909908448341,0.1634428091672281,0.17549510988920602
459,251,0.1965065501848208,0.2550478214241751,0.09670563228999972,0.05442902880629185,-0.033527935017414204,-0.18430457474906783,-0.18872565144726222,-0.14872004557084872,0.34035936879706896
504,7,0.1102620087148161,0.4240170031176911,0.4888416577296689,0.37780149406720226,1.6207894351097436,0.4891056050002022,0.5166612654419769,0.5191092591041963,0.6318995095212023
614,358,0.35262008727609506,0.3528161529701089,0.5441020190382402,0.27427961574935306,0.23642308250736593,0.20220710726482077,0.20563920711951827,0.2031589843692162,0.21353303035011245
603,565,0.24126637550469662,0.5876726885315368,0.39957492023120766,0.33404482385037937,0.32447417389827654,0.19775419987358772,0.2081452815400787,0.1977074400695814,0.24702852165545713
545,597,0.07423580784759896,0.0743889479153844,0.07120085014758222,0.043756670216822856,-0.0022990169121908798,-0.007957939876937098,-0.00705315484756395,-0.0052888069517482705,0.02086646111745991
479,613,0.5567685588569923,0.4346439956770317,0.6503719446316465,0.221985058660955,0.05893970306099575,0.0851944049471711,0.08224532795023536,0.0844691579233694,0.07754081731171722
414,624,0.48253275100939325,0.3857598299040648,0.4633368755872514,0.211312700071486,-0.03332971017652264,-0.019737380698703594,-0.019914370121541763,-0.019724488124877704,0.020294183492606588
357,620,0.7412663754194073,0.5866099892756027,0.6482465461197784,0.22091782280200808,-0.09212613688651326,-0.07891194518569546,-0.07384391314226253,-0.07833806976237812,0.06694372819136361
299,615,0.6779475981376317,0.5887353877874708,0.5270988309432952,0.19530416218728253,-0.10769772016833112,-0.13741622557620148,-0.13270711597302634,-0.13764556167742814,0.12517982094519786
292,71,0.24344978161786132,0.21253985118681257,0.42614240162955924,0.16221985055992866,0.24500165971855736,0.22326085325917158,0.23430097800070485,0.22446262384002613,0.27283756381604785
364,46,0.09279475980949871,0.07545164717131847,0.06163655684417565,0.06616862325470774,-0.01885874682254777,-0.0792849376645138,-0.07141558262673728,-0.05297879630208735,0.20174786435553355
433,197,0.3155021833522956,0.252922422912307,0.20297555788340602,0.17822838844413214,-0.06596435674400883,-0.15627377649765867,-0.16572606047413246,-0.14509750267575583,0.21702854680992478
126,307,0.4410480348592644,0.3581296492497792,0.39107332618373514,0.1120597651894244,-0.05015315878594831,-0.05478407492212742,-0.056272276283640885,-0.054421831501637374,0.060056274066104115
590,204,0.19868995629798547,0.08182784270692284,0.07757704568318659,0.08431163285680501,-0.04695335166189681,-0.23041888102459038,-0.23402646222253434,-0.18125169263005947,0.4383749241135725
139,601,0.10589519648848676,0.0658873538679119,0.04888416577296689,0.044823906075769755,-0.024745710935142086,-0.14490666738974128,-0.130601620571389,-0.09555038974905428,0.36831365186074944
102,235,0.44213973791584676,0.39957492023120766,0.4027630179990098,0.14087513338099067,-0.0364498742125084,-0.04283845286011171,-0.04391742390923276,-0.04261232481570998,0.04660449911397677
304,471,0.72379912651409,0.540913921270438,0.5919234855552731,0.22732123795568948,-0.11618951866565759,-0.11496899791710168,-0.10894415452711213,-0.11474472445749218,0.10022981548415563
161,439,0.5534934496872452,0.36769394255318577,0.4930924547534052,0.18143009602097282,-0.07615108151177427,-0.059041115968011086,-0.05858122857062271,-0.059064667451509845,0.057711855763549466
178,288,0.5622270741399039,0.4144527098142845,0.4612114770753833,0.12166488791994648,-0.0905359883571758,-0.09985169120324325,-0.09946078854896254,-0.0999005338308363,0.09870119540764813
139,601,0.10589519648848676,0.0658873538679119,0.04888416577296689,0.044823906075769755,-0.024745710935142086,-0.14490666738974128,-0.130601620571389,-0.09555038974905428,0.36831365186074944
102,235,0.44213973791584676,0.39957492023120766,0.4027630179990098,0.14087513338099067,-0.0364498742125084,-0.04283845286011171,-0.04391742390923276,-0.04261232481570998,0.04660449911397677
535,597,0.14956331875178028,0.11689691815274691,0.06695005312384596,0.05122732122945115,-0.032506955579545256,-0.17754047333326486,-0.17294605493173074,-0.1306593518324134,0.3815443167549992
71,582,0.16703056765709767,0.07651434642725252,0.15621679062230726,0.03415154748630077,-0.025020668667094837,-0.019019697902031608,-0.01970305022370405,-0.016277113905158846,0.03345256281611302
556,568,0.11681222705431013,0.16153028690197757,0.12752391071208755,0.11526147276626508,0.01911726153500407,0.021669806908130085,0.021586095908094273,0.017308465985859334,0.04383815797359703
415,257,0.09061135369633402,0.20935175341901038,0.07013815089164815,0.1141942369073182,0.005703777722510545,-0.05106196327654866,-0.04647652748194292,-0.03484442765320228,0.1273530036243073
625,456,0.14082969429912157,0.15515409136637318,0.15940488839010944,0.24546424755778676,0.02006150893331755,0.03389968847784107,0.03481783911336414,0.028798494624675652,0.061866865761820454
328,452,0.44432314402901146,0.252922422912307,0.26886291175131793,0.11739594448415888,-0.10809887327090789,-0.20776590718590524,-0.216939693355777,-0.201740343405578,0.24601966764067604
216,439,0.6484716156099086,0.4760892666584602,0.3868225291599989,0.07897545356207053,-0.1454253707946147,-0.2571492377583728,-0.25563249620637446,-0.2576215919821798,0.252726791389818
45,89,0.28165938859824313,0.20191285862747196,0.2837407013343948,0.1045891141767961,-0.01438930386184758,0.002767922291808748,0.002930286763510698,0.0026601182060724815,0.0036810532774894543
240,64,0.4039301309354649,0.3783209351125264,0.30818278422087825,0.15368196368835346,-0.06234738405873209,-0.11346170182922376,-0.1184871823176322,-0.11086787696838629,0.1344534084819731
507,51,0.1331877729030452,0.06163655684417565,0.036131774701758136,0.127001067214681,-0.024944102288579004,-0.2358609428991402,-0.2175072118887042,-0.1578057463951198,0.573178201951587
402,496,0.37882096063407117,0.19022316681219725,0.17321997871725225,0.08431163285680501,-0.09245585075352909,-0.2767168461614129,-0.29314309344171724,-0.25652573575780935,0.37243117269032466
47,204,0.3220524016917896,0.26142401695977946,0.22741764076988946,0.13127001065046856,-0.06202177538111199,-0.12766581706997338,-0.13525946492684343,-0.12017064695816648,0.17222597729018316
492,121,0.36899563312483014,0.4495217852601086,0.31562167901241667,0.07470651012628293,-0.022746601909363215,-0.0645063319114759,-0.06758323503765504,-0.06300602893931817,0.07796061320535412
124,376,0.41048034927495897,0.3517534537141748,0.3581296492497792,0.13340448236836236,-0.046785605525976985,-0.0597126921370995,-0.06189879539546214,-0.05897879286293739,0.06810998914939732
244,375,0.5534934496872452,0.47715196591439424,0.5951115833230752,0.16221985055992866,0.019381313859866304,0.03883253125348092,0.03786648091372724,0.03868693141043367,0.036233345752382
438,363,0.12991266373329818,0.09032943675439535,0.05207226354076908,0.2145144076483267,-0.028131336817807363,-0.18246324166574834,-0.1712044878354042,-0.12650313723213624,0.42770639130148363
523,68,0.18449781656241507,0.11583421889681285,0.14665249731890068,0.03415154748630077,-0.034979692853146366,-0.06576474634964806,-0.06829969276622375,-0.05609220029282491,0.1142809968771814
37,135,0.2139737990901382,0.19341126457999944,0.22848034002582351,0.09605122730522091,0.008000319321149522,0.021808440150798237,0.023088199587363044,0.020193294908634418,0.0327857826184592
619,444,0.10262008731873974,0.08395324121879097,0.11052072261714255,0.18356456773886662,0.002786046574686973,0.017112694001441466,0.016617732349603686,0.013080945858569892,0.037065928645310726
603,385,0.2925764191640665,0.31987247603615293,0.2231668437461532,0.15688367126519415,-0.03818913127362925,-0.09664925587919224,-0.10249968713770988,-0.09033759555300203,0.13457907087175539
569,454,0.2532751091271023,0.3751328373447242,0.2146652496986807,0.09391675558732711,-0.005522748592893599,-0.056441455700723724,-0.059832379115345904,-0.05212423513635489,0.08250843072322893
450,454,0.18995633184532676,0.12539851220021941,0.12964930922395568,0.04909284951155735,-0.04173890496606109,-0.10667284897538526,-0.1103694628424268,-0.08942808859425344,0.1886860865202641
14,456,0.12445414845038649,0.12539851220021941,0.12114771517648316,0.13553895408625616,-0.002390824037004258,-0.006671678819038872,-0.006651785715885097,-0.0053004879436783225,0.013462027129040184
78,48,0.4115720523315413,0.2901168968699992,0.3336875663632958,0.12486659549678718,-0.07020927451204526,-0.09021819375793065,-0.09381638657792678,-0.08870274577375459,0.104505082461416
164,49,0.49017467240546964,0.40595111576681203,0.3931987246956033,0.11953041620205268,-0.0757428340617915,-0.10317855501702616,-0.1051508430085794,-0.1026706772732272,0.10977787743639016
301,41,0.12445414845038649,0.09564293303406567,0.17640807648505444,0.042689434357875956,0.050742072470900144,0.09471688179763786,0.0973075341737055,0.08174849436253417,0.1726777355203254
408,39,0.13646288207279222,0.28161530282252667,0.17109458020538412,0.06510138739576084,0.07112911914307236,0.0624458536079381,0.0643259558166856,0.05375793211838664,0.1125987089568142
535,597,0.14956331875178028,0.11689691815274691,0.06695005312384596,0.05122732122945115,-0.032506955579545256,-0.17754047333326486,-0.17294605493173074,-0.1306593518324134,0.3815443167549992
124,376,0.41048034927495897,0.3517534537141748,0.3581296492497792,0.13340448236836236,-0.046785605525976985,-0.0597126921370995,-0.06189879539546214,-0.05897879286293739,0.06810998914939732
244,375,0.5534934496872452,0.47715196591439424,0.5951115833230752,0.16221985055992866,0.019381313859866304,0.03883253125348092,0.03786648091372724,0.03868693141043367,0.036233345752382
438,363,0.12991266373329818,0.09032943675439535,0.05207226354076908,0.2145144076483267,-0.028131336817807363,-0.18246324166574834,-0.1712044878354042,-0.12650313723213624,0.42770639130148363
523,68,0.18449781656241507,0.11583421889681285,0.14665249731890068,0.03415154748630077,-0.034979692853146366,-0.06576474634964806,-0.06829969276622375,-0.05609220029282491,0.1142809968771814
37,135,0.2139737990901382,0.19341126457999944,0.22848034002582351,0.09605122730522091,0.008000319321149522,0.021808440150798237,0.023088199587363044,0.020193294908634418,0.0327857826184592
402,496,0.37882096063407117,0.19022316681219725,0.17321997871725225,0.08431163285680501,-0.09245585075352909,-0.2767168461614129,-0.29314309344171724,-0.25652573575780935,0.37243117269032466
304,471,0.72379912651409,0.540913921270438,0.5919234855552731,0.22732123795568948,-0.11618951866565759,-0.11496899791710168,-0.10894415452711213,-0.11474472445749218,0.10022981548415563
161,439,0.5534934496872452,0.36769394255318577,0.4930924547534052,0.18143009602097282,-0.07615108151177427,-0.059041115968011086,-0.05858122857062271,-0.059064667451509845,0.057711855763549466
178,288,0.5622270741399039,0.4144527098142845,0.4612114770753833,0.12166488791994648,-0.0905359883571758,-0.09985169120324325,-0.09946078854896254,-0.0999005338308363,0.09870119540764813
414,565,0.5589519649701569,0.23273113704955978,0.3985122209752736,0.18463180359781353,-0.13802434611808523,-0.1639639823866938,-0.16512102666659473,-0.1636571310456616,0.16756561842950207
91,429,0.32860262003128365,0.25611052068010914,0.3698193410650539,0.1131270010483713,0.020791654508103743,0.049318685638343567,0.051588324513262465,0.04875160686443114,0.05901323782509467
230,412,0.6550218339494026,0.47715196591439424,0.5462274175501083,0.16862326571361003,-0.10224340831800213,-0.09926322317592666,-0.09592404974352661,-0.09927715036947649,0.09056700416660106
309,398,0.6462882094967439,0.5175345376398887,0.5812964929959324,0.2049092849178046,-0.06992495695463566,-0.05865843544705734,-0.05642965201618024,-0.0585217072759876,0.052942320074741034
71,582,0.16703056765709767,0.07651434642725252,0.15621679062230726,0.03415154748630077,-0.025020668667094837,-0.019019697902031608,-0.01970305022370405,-0.016277113905158846,0.03345256281611302
556,568,0.11681222705431013,0.16153028690197757,0.12752391071208755,0.11526147276626508,0.01911726153500407,0.021669806908130085,0.021586095908094273,0.017308465985859334,0.04383815797359703
415,257,0.09061135369633402,0.20935175341901038,0.07013815089164815,0.1141942369073182,0.005703777722510545,-0.05106196327654866,-0.04647652748194292,-0.03484442765320228,0.1273530036243073
56,625,0.1102620087148161,0.3985122209752736,0.14771519657483476,0.13340448236836236,0.11736171511194782,0.07373772574796555,0.0741170631310213,0.06066443486728579,0.14517461055248235
179,631,0.2663755458060904,0.20722635490714225,0.1604675876460435,0.03521878334524767,-0.05816434473701061,-0.16210234975423413,-0.17139923680793773,-0.14453758370075587,0.24811331522890406
351,620,0.749999999872066,0.6057385758824159,0.6631243357028552,0.2198505869430612,-0.08695904175683926,-0.07308133633186327,-0.06811519405820388,-0.07243609437646104,0.0614772960372368
549,609,0.09716157203582805,0.06269925610010971,0.0913921360103294,0.04162219849892906,-0.01082355054500867,-0.01328629759646349,-0.01256840480192263,-0.0096765137258229,0.030596723617647825
481,496,0.1888646287887444,0.5026567480568117,0.3262486715717573,0.3116328708124945,0.2982504395043902,0.1914170837624807,0.20300594460640697,0.18756347173395926,0.2667012804716804
237,499,0.5447598252345865,0.5154091391280206,0.4473963867482405,0.14621131267572515,-0.06878925848830716,-0.09774703012557358,-0.09787456506537269,-0.0977288384113233,0.09813215934809398
36,491,0.17576419210975638,0.269925611007252,0.47077577037878987,0.14194236923993755,0.6825417921790469,0.36689180400651544,0.3859555844380136,0.37715767265864386,0.45628580359978294
495,305,0.15283842792152727,0.1232731136883513,0.1572794898782413,0.16969050157255694,-0.002428630645000724,0.007974747885380069,0.00822290080561026,0.006791832283733923,0.014320116220074766
535,597,0.14956331875178028,0.11689691815274691,0.06695005312384596,0.05122732122945115,-0.032506955579545256,-0.17754047333326486,-0.17294605493173074,-0.1306593518324134,0.3815443167549992
408,630,0.591703056667627,0.4984059510330755,0.5611052071331852,0.18249733187991973,-0.040906303254750254,-0.02849775984556264,-0.027768812484541702,-0.02845433352810134,0.026541796324056507
639,491,0.29475982527723116,0.3464399574345045,0.5419766205263721,0.33297758799143246,0.3826390855554133,0.2702595366160861,0.2774087703492297,0.27302818178476607,0.29545006575703053
600,524,0.10807860260165143,0.14665249731890068,0.20085015937153788,0.3223052294019635,0.15224603361608957,0.166908579588349,0.1720245674601631,0.14799590565453202,0.30029110164911366
486,527,0.21506550214672052,0.12752391071208755,0.27842720505472446,0.24012806826305227,0.04295470826504359,0.09019491928744613,0.0956641128109204,0.08616605034959945,0.12839180304231876
355,527,0.3591703056155891,0.21997874597835101,0.41126461204648235,0.15581643540624726,0.015843612850787055,0.05934979854395894,0.06150713037167205,0.05908233687726283,0.06761584071305969
189,512,0.5775109169320567,0.42507970237362513,0.3390010626429661,0.16115261470098174,-0.12989822003958656,-0.24913506295616294,-0.25256562384538256,-0.2477106987190847,0.26023362895346897
380,372,0.12663755456355116,0.20828905416307633,0.06376195535604377,0.03521878334524767,-0.0171026169196242,-0.14409130610667342,-0.1366049962166233,-0.10225510479309408,0.33021247344434557
446,405,0.10371179037532208,0.27630180654285635,0.23273113704955978,0.4386339380271755,0.30904662662594395,0.22242966082922294,0.23136870067816978,0.20466275302745296,0.38346925548869226
245,431,0.6222707422519325,0.45377258228384487,0.5791710944840642,0.19530416218728253,-0.0634561014284717,-0.03932063016626642,-0.037996644692856116,-0.0392248696897024,0.035872965345037464
184,440,0.6320960697611735,0.4527098830279108,0.48034006368219645,0.18676627531570733,-0.11951927599222141,-0.14388196417717947,-0.14117308422840788,-0.14419478134838437,0.13641649207228546
8,444,0.16266375543076833,0.26461211472758167,0.24123273109703228,0.15581643540624726,0.12344575037149956,0.12362624799481142,0.13038236672096826,0.11490374165368289,0.1945226878884771
352,551,0.4781659387830639,0.25929861844791136,0.3602550477616473,0.17289220914939762,-0.10404538606668329,-0.128771618366219,-0.13214449953288224,-0.12760145363704667,0.14063275782866883
162,570,0.3613537117287538,0.32306057380395514,0.676939426029998,0.4172892208482375,0.4586002507144996,0.3097100080205047,0.3077277467836763,0.30859905016731404,0.3039437093007382
56,28,0.33406113531419535,0.2901168968699992,0.3464399574345045,0.12806830307362788,0.001155454283165387,0.015005876010687045,0.015728964938039894,0.014753130633288536,0.018190462689548437
179,37,0.4967248907449637,0.39107332618373514,0.44845908600417456,0.15048025611151275,-0.05393677265260368,-0.04964541731192553,-0.050096196464435,-0.049592148707109374,0.051064453614814154
351,26,0.07423580784759896,0.05844845907637346,0.08182784270692284,0.16115261470098174,0.0032139615200351313,0.019217352049209224,0.01735789274311091,0.013198293807012762,0.048643941568056
549,21,0.044759825319875844,0.05951115833230752,0.018065887350879068,0.14834578439361895,-0.007426889706012864,-0.10649013814367717,-0.07114137708107018,-0.04919079203977195,0.42482114832241485
56,625,0.1102620087148161,0.3985122209752736,0.14771519657483476,0.13340448236836236,0.11736171511194782,0.07373772574796555,0.0741170631310213,0.06066443486728579,0.14517461055248235
179,631,0.2663755458060904,0.20722635490714225,0.1604675876460435,0.03521878334524767,-0.05816434473701061,-0.16210234975423413,-0.17139923680793773,-0.14453758370075587,0.24811331522890406
351,620,0.749999999872066,0.6057385758824159,0.6631243357028552,0.2198505869430612,-0.08695904175683926,-0.07308133633186327,-0.06811519405820388,-0.07243609437646104,0.0614772960372368
549,609,0.09716157203582805,0.06269925610010971,0.0913921360103294,0.04162219849892906,-0.01082355054500867,-0.01328629759646349,-0.01256840480192263,-0.0096765137258229,0.030596723617647825
481,496,0.1888646287887444,0.5026567480568117,0.3262486715717573,0.3116328708124945,0.2982504395043902,0.1914170837624807,0.20300594460640697,0.18756347173395926,0.2667012804716804
237,499,0.5447598252345865,0.5154091391280206,0.4473963867482405,0.14621131267572515,-0.06878925848830716,-0.09774703012557358,-0.09787456506537269,-0.0977288384113233,0.09813215934809398
36,491,0.17576419210975638,0.269925611007252,0.47077577037878987,0.14194236923993755,0.6825417921790469,0.36689180400651544,0.3859555844380136,0.37715767265864386,0.45628580359978294
495,305,0.15283842792152727,0.1232731136883513,0.1572794898782413,0.16969050157255694,-0.002428630645000724,0.007974747885380069,0.00822290080561026,0.006791832283733923,0.014320116220074766
47,204,0.3220524016917896,0.26142401695977946,0.22741764076988946,0.13127001065046856,-0.06202177538111199,-0.12766581706997338,-0.13525946492684343,-0.12017064695816648,0.17222597729018316
492,121,0.36899563312483014,0.4495217852601086,0.31562167901241667,0.07470651012628293,-0.022746601909363215,-0.0645063319114759,-0.06758323503765504,-0.06300602893931817,0.07796061320535412
402,496,0.37882096063407117,0.19022316681219725,0.17321997871725225,0.08431163285680501,-0.09245585075352909,-0.2767168461614129,-0.29314309344171724,-0.25652573575780935,0.37243117269032466
446,405,0.10371179037532208,0.27630180654285635,0.23273113704955978,0.4386339380271755,0.30904662662594395,0.22242966082922294,0.23136870067816978,0.20466275302745296,0.38346925548869226
245,431,0.6222707422519325,0.45377258228384487,0.5791710944840642,0.19530416218728253,-0.0634561014284717,-0.03932063016626642,-0.037996644692856116,-0.0392248696897024,0.035872965345037464
184,440,0.6320960697611735,0.4527098830279108,0.48034006368219645,0.18676627531570733,-0.11951927599222141,-0.14388196417717947,-0.14117308422840788,-0.14419478134838437,0.13641649207228546
8,444,0.16266375543076833,0.26461211472758167,0.24123273109703228,0.15581643540624726,0.12344575037149956,0.12362624799481142,0.13038236672096826,0.11490374165368289,0.1945226878884771
352,551,0.4781659387830639,0.25929861844791136,0.3602550477616473,0.17289220914939762,-0.10404538606668329,-0.128771618366219,-0.13214449953288224,-0.12760145363704667,0.14063275782866883
162,570,0.3613537117287538,0.32306057380395514,0.676939426029998,0.4172892208482375,0.4586002507144996,0.3097100080205047,0.3077277467836763,0.30859905016731404,0.3039437093007382
56,28,0.33406113531419535,0.2901168968699992,0.3464399574345045,0.12806830307362788,0.001155454283165387,0.015005876010687045,0.015728964938039894,0.014753130633288536,0.018190462689548437
179,37,0.4967248907449637,0.39107332618373514,0.44845908600417456,0.15048025611151275,-0.05393677265260368,-0.04964541731192553,-0.050096196464435,-0.049592148707109374,0.051064453614814154
351,26,0.07423580784759896,0.05844845907637346,0.08182784270692284,0.16115261470098174,0.0032139615200351313,0.019217352049209224,0.01735789274311091,0.013198293807012762,0.048643941568056
549,21,0.044759825319875844,0.05951115833230752,0.018065887350879068,0.14834578439361895,-0.007426889706012864,-0.10649013814367717,-0.07114137708107018,-0.04919079203977195,0.42482114832241485
590,204,0.19868995629798547,0.08182784270692284,0.07757704568318659,0.08431163285680501,-0.04695335166189681,-0.23041888102459038,-0.23402646222253434,-0.18125169263005947,0.4383749241135725
139,601,0.10589519648848676,0.0658873538679119,0.04888416577296689,0.044823906075769755,-0.024745710935142086,-0.14490666738974128,-0.130601620571389,-0.09555038974905428,0.36831365186074944
102,235,0.44213973791584676,0.39957492023120766,0.4027630179990098,0.14087513338099067,-0.0364498742125084,-0.04283845286011171,-0.04391742390923276,-0.04261232481570998,0.04660449911397677
284,50,0.4224890828973647,0.3464399574345045,0.33049946859549356,0.12379935963784028,-0.06946488959454677,-0.1060087427713845,-0.11012335725944032,-0.10422433030642397,0.12216438309741563
52,71,0.43449781651977043,0.27417640803098825,0.2805526035665926,0.0992529348820616,-0.10022259179327711,-0.18205172990242657,-0.1900463643832991,-0.17712833748765167,0.21528979614279894
56,625,0.1102620087148161,0.3985122209752736,0.14771519657483476,0.13340448236836236,0.11736171511194782,0.07373772574796555,0.0741170631310213,0.06066443486728579,0.14517461055248235
179,631,0.2663755458060904,0.20722635490714225,0.1604675876460435,0.03521878334524767,-0.05816434473701061,-0.16210234975423413,-0.17139923680793773,-0.14453758370075587,0.24811331522890406
351,620,0.749999999872066,0.6057385758824159,0.6631243357028552,0.2198505869430612,-0.08695904175683926,-0.07308133633186327,-0.06811519405820388,-0.07243609437646104,0.0614772960372368
549,609,0.09716157203582805,0.06269925610010971,0.0913921360103294,0.04162219849892906,-0.01082355054500867,-0.01328629759646349,-0.01256840480192263,-0.0096765137258229,0.030596723617647825
481,496,0.1888646287887444,0.5026567480568117,0.3262486715717573,0.3116328708124945,0.2982504395043902,0.1914170837624807,0.20300594460640697,0.18756347173395926,0.2667012804716804
237,499,0.5447598252345865,0.5154091391280206,0.4473963867482405,0.14621131267572515,-0.06878925848830716,-0.09774703012557358,-0.09787456506537269,-0.0977288384113233,0.09813215934809398
36,491,0.17576419210975638,0.269925611007252,0.47077577037878987,0.14194236923993755,0.6825417921790469,0.36689180400651544,0.3859555844380136,0.37715767265864386,0.45628580359978294
495,305,0.15283842792152727,0.1232731136883513,0.1572794898782413,0.16969050157255694,-0.002428630645000724,0.007974747885380069,0.00822290080561026,0.006791832283733923,0.014320116220074766
628,71,0.1441048034688686,0.252922422912307,0.0828905419628569,0.13553895408625616,-0.01564916878631652,-0.12847973043604252,-0.12630086208639546,-0.09695497036725376,0.2696600256160901
499,69,0.18995633184532676,0.09032943675439535,0.0456960680051647,0.06083244395997324,-0.03255425925057581,-0.29716769651147507,-0.2941436288907774,-0.2200093212678167,0.6121480182365187
349,70,0.23253275105203794,0.2943676938937354,0.1115834218730766,0.11846318034310578,-0.040494924110345984,-0.20617909489847247,-0.21492521751956142,-0.173230539297357,0.3514679847877637
245,469,0.6965065500995314,0.4633368755872514,0.4272051008854933,0.18036286016202593,-0.16074250884534924,-0.25404420800696825,-0.24878165090882967,-0.25529740659648414,0.23965136834503253
609,135,0.20633187769406183,0.10626992559340628,0.21572794895461478,0.295624332928291,-0.013063926111558283,0.014462866367834865,0.015285300292706631,0.013250657739494631,0.022261899442725414
619,444,0.10262008731873974,0.08395324121879097,0.11052072261714255,0.18356456773886662,0.002786046574686973,0.017112694001441466,0.016617732349603686,0.013080945858569892,0.037065928645310726
603,385,0.2925764191640665,0.31987247603615293,0.2231668437461532,0.15688367126519415,-0.03818913127362925,-0.09664925587919224,-0.10249968713770988,-0.09033759555300203,0.13457907087175539
569,454,0.2532751091271023,0.3751328373447242,0.2146652496986807,0.09391675558732711,-0.005522748592893599,-0.056441455700723724,-0.059832379115345904,-0.05212423513635489,0.08250843072322893
450,454,0.18995633184532676,0.12539851220021941,0.12964930922395568,0.04909284951155735,-0.04173890496606109,-0.10667284897538526,-0.1103694628424268,-0.08942808859425344,0.1886860865202641
14,456,0.12445414845038649,0.12539851220021941,0.12114771517648316,0.13553895408625616,-0.002390824037004258,-0.006671678819038872,-0.006651785715885097,-0.0053004879436783225,0.013462027129040184
78,48,0.4115720523315413,0.2901168968699992,0.3336875663632958,0.12486659549678718,-0.07020927451204526,-0.09021819375793065,-0.09381638657792678,-0.08870274577375459,0.104505082461416
164,49,0.49017467240546964,0.40595111576681203,0.3931987246956033,0.11953041620205268,-0.0757428340617915,-0.10317855501702616,-0.1051508430085794,-0.1026706772732272,0.10977787743639016
301,41,0.12445414845038649,0.09564293303406567,0.17640807648505444,0.042689434357875956,0.050742072470900144,0.09471688179763786,0.0973075341737055,0.08174849436253417,0.1726777355203254
408,39,0.13646288207279222,0.28161530282252667,0.17109458020538412,0.06510138739576084,0.07112911914307236,0.0624458536079381,0.0643259558166856,0.05375793211838664,0.1125987089568142
619,444,0.10262008731873974,0.08395324121879097,0.11052072261714255,0.18356456773886662,0.002786046574686973,0.017112694001441466,0.016617732349603686,0.013080945858569892,0.037065928645310726
603,385,0.2925764191640665,0.31987247603615293,0.2231668437461532,0.15688367126519415,-0.03818913127362925,-0.09664925587919224,-0.10249968713770988,-0.09033759555300203,0.13457907087175539
569,454,0.2532751091271023,0.3751328373447242,0.2146652496986807,0.09391675558732711,-0.005522748592893599,-0.056441455700723724,-0.059832379115345904,-0.05212423513635489,0.08250843072322893
450,454,0.18995633184532676,0.12539851220021941,0.12964930922395568,0.04909284951155735,-0.04173890496606109,-0.10667284897538526,-0.1103694628424268,-0.08942808859425344,0.1886860865202641
14,456,0.12445414845038649,0.12539851220021941,0.12114771517648316,0.13553895408625616,-0.002390824037004258,-0.006671678819038872,-0.006651785715885097,-0.0053004879436783225,0.013462027129040184
78,48,0.4115720523315413,0.2901168968699992,0.3336875663632958,0.12486659549678718,-0.07020927451204526,-0.09021819375793065,-0.09381638657792678,-0.08870274577375459,0.104505082461416
164,49,0.49017467240546964,0.40595111576681203,0.3931987246956033,0.11953041620205268,-0.0757428340617915,-0.10317855501702616,-0.1051508430085794,-0.1026706772732272,0.10977787743639016
301,41,0.12445414845038649,0.09564293303406567,0.17640807648505444,0.042689434357875956,0.050742072470900144,0.09471688179763786,0.0973075341737055,0.08174849436253417,0.1726777355203254
408,39,0.13646288207279222,0.28161530282252667,0.17109458020538412,0.06510138739576084,0.07112911914307236,0.0624458536079381,0.0643259558166856,0.05375793211838664,0.1125987089568142
47,204,0.3220524016917896,0.26142401695977946,0.22741764076988946,0.13127001065046856,-0.06202177538111199,-0.12766581706997338,-0.13525946492684343,-0.12017064695816648,0.17222597729018316
492,121,0.36899563312483014,0.4495217852601086,0.31562167901241667,0.07470651012628293,-0.022746601909363215,-0.0645063319114759,-0.06758323503765504,-0.06300602893931817,0.07796061320535412
414,565,0.5589519649701569,0.23273113704955978,0.3985122209752736,0.18463180359781353,-0.13802434611808523,-0.1639639823866938,-0.16512102666659473,-0.1636571310456616,0.16756561842950207
91,429,0.32860262003128365,0.25611052068010914,0.3698193410650539,0.1131270010483713,0.020791654508103743,0.049318685638343567,0.051588324513262465,0.04875160686443114,0.05901323782509467
230,412,0.6550218339494026,0.47715196591439424,0.5462274175501083,0.16862326571361003,-0.10224340831800213,-0.09926322317592666,-0.09592404974352661,-0.09927715036947649,0.09056700416660106
309,398,0.6462882094967439,0.5175345376398887,0.5812964929959324,0.2049092849178046,-0.06992495695463566,-0.05865843544705734,-0.05642965201618024,-0.0585217072759876,0.052942320074741034
71,582,0.16703056765709767,0.07651434642725252,0.15621679062230726,0.03415154748630077,-0.025020668667094837,-0.019019697902031608,-0.01970305022370405,-0.016277113905158846,0.03345256281611302
556,568,0.11681222705431013,0.16153028690197757,0.12752391071208755,0.11526147276626508,0.01911726153500407,0.021669806908130085,0.021586095908094273,0.017308465985859334,0.04383815797359703
415,257,0.09061135369633402,0.20935175341901038,0.07013815089164815,0.1141942369073182,0.005703777722510545,-0.05106196327654866,-0.04647652748194292,-0.03484442765320228,0.1273530036243073
414,565,0.5589519649701569,0.23273113704955978,0.3985122209752736,0.18463180359781353,-0.13802434611808523,-0.1639639823866938,-0.16512102666659473,-0.1636571310456616,0.16756561842950207
91,429,0.32860262003128365,0.25611052068010914,0.3698193410650539,0.1131270010483713,0.020791654508103743,0.049318685638343567,0.051588324513262465,0.04875160686443114,0.05901323782509467
230,412,0.6550218339494026,0.47715196591439424,0.5462274175501083,0.16862326571361003,-0.10224340831800213,-0.09926322317592666,-0.09592404974352661,-0.09927715036947649,0.09056700416660106
309,398,0.6462882094967439,0.5175345376398887,0.5812964929959324,0.2049092849178046,-0.06992495695463566,-0.05865843544705734,-0.05642965201618024,-0.0585217072759876,0.052942320074741034
446,405,0.10371179037532208,0.27630180654285635,0.23273113704955978,0.4386339380271755,0.30904662662594395,0.22242966082922294,0.23136870067816978,0.20466275302745296,0.38346925548869226
245,431,0.6222707422519325,0.45377258228384487,0.5791710944840642,0.19530416218728253,-0.0634561014284717,-0.03932063016626642,-0.037996644692856116,-0.0392248696897024,0.035872965345037464
184,440,0.6320960697611735,0.4527098830279108,0.48034006368219645,0.18676627531570733,-0.11951927599222141,-0.14388196417717947,-0.14117308422840788,-0.14419478134838437,0.13641649207228546
8,444,0.16266375543076833,0.26461211472758167,0.24123273109703228,0.15581643540624726,0.12344575037149956,0.12362624799481142,0.13038236672096826,0.11490374165368289,0.1945226878884771
352,551,0.4781659387830639,0.25929861844791136,0.3602550477616473,0.17289220914939762,-0.10404538606668329,-0.128771618366219,-0.13214449953288224,-0.12760145363704667,0.14063275782866883
162,570,0.3613537117287538,0.32306057380395514,0.676939426029998,0.4172892208482375,0.4586002507144996,0.3097100080205047,0.3077277467836763,0.30859905016731404,0.3039437093007382
56,28,0.33406113531419535,0.2901168968699992,0.3464399574345045,0.12806830307362788,0.001155454283165387,0.015005876010687045,0.015728964938039894,0.014753130633288536,0.018190462689548437
179,37,0.4967248907449637,0.39107332618373514,0.44845908600417456,0.15048025611151275,-0.05393677265260368,-0.04964541731192553,-0.050096196464435,-0.049592148707109374,0.051064453614814154
351,26,0.07423580784759896,0.05844845907637346,0.08182784270692284,0.16115261470098174,0.0032139615200351313,0.019217352049209224,0.01735789274311091,0.013198293807012762,0.048643941568056
549,21,0.044759825319875844,0.05951115833230752,0.018065887350879068,0.14834578439361895,-0.007426889706012864,-0.10649013814367717,-0.07114137708107018,-0.04919079203977195,0.42482114832241485
245,469,0.6965065500995314,0.4633368755872514,0.4272051008854933,0.18036286016202593,-0.16074250884534924,-0.25404420800696825,-0.24878165090882967,-0.25529740659648414,0.23965136834503253
609,135,0.20633187769406183,0.10626992559340628,0.21572794895461478,0.295624332928291,-0.013063926111558283,0.014462866367834865,0.015285300292706631,0.013250657739494631,0.022261899442725414
625,456,0.14082969429912157,0.15515409136637318,0.15940488839010944,0.24546424755778676,0.02006150893331755,0.03389968847784107,0.03481783911336414,0.028798494624675652,0.061866865761820454
328,452,0.44432314402901146,0.252922422912307,0.26886291175131793,0.11739594448415888,-0.10809887327090789,-0.20776590718590524,-0.216939693355777,-0.201740343405578,0.24601966764067604
216,439,0.6484716156099086,0.4760892666584602,0.3868225291599989,0.07897545356207053,-0.1454253707946147,-0.2571492377583728,-0.25563249620637446,-0.2576215919821798,0.252726791389818
45,89,0.28165938859824313,0.20191285862747196,0.2837407013343948,0.1045891141767961,-0.01438930386184758,0.002767922291808748,0.002930286763510698,0.0026601182060724815,0.0036810532774894543
240,64,0.4039301309354649,0.3783209351125264,0.30818278422087825,0.15368196368835346,-0.06234738405873209,-0.11346170182922376,-0.1184871823176322,-0.11086787696838629,0.1344534084819731
507,51,0.1331877729030452,0.06163655684417565,0.036131774701758136,0.127001067214681,-0.024944102288579004,-0.2358609428991402,-0.2175072118887042,-0.1578057463951198,0.573178201951587
625,456,0.14082969429912157,0.15515409136637318,0.15940488839010944,0.24546424755778676,0.02006150893331755,0.03389968847784107,0.03481783911336414,0.028798494624675652,0.061866865761820454
328,452,0.44432314402901146,0.252922422912307,0.26886291175131793,0.11739594448415888,-0.10809887327090789,-0.20776590718590524,-0.216939693355777,-0.201740343405578,0.24601966764067604
216,439,0.6484716156099086,0.4760892666584602,0.3868225291599989,0.07897545356207053,-0.1454253707946147,-0.2571492377583728,-0.25563249620637446,-0.2576215919821798,0.252726791389818
45,89,0.28165938859824313,0.20191285862747196,0.2837407013343948,0.1045891141767961,-0.01438930386184758,0.002767922291808748,0.002930286763510698,0.0026601182060724815,0.0036810532774894543
240,64,0.4039301309354649,0.3783209351125264,0.30818278422087825,0.15368196368835346,-0.06234738405873209,-0.11346170182922376,-0.1184871823176322,-0.11086787696838629,0.1344534084819731
507,51,0.1331877729030452,0.06163655684417565,0.036131774701758136,0.127001067214681,-0.024944102288579004,-0.2358609428991402,-0.2175072118887042,-0.1578057463951198,0.573178201951587
552,79,0.1888646287887444,0.08926673749846128,0.2295430392817576,0.07897545356207053,0.015341160663872058,0.06288672450838913,0.06643776465193221,0.058069865280620414,0.09721962957657425
284,50,0.4224890828973647,0.3464399574345045,0.33049946859549356,0.12379935963784028,-0.06946488959454677,-0.1060087427713845,-0.11012335725944032,-0.10422433030642397,0.12216438309741563
52,71,0.43449781651977043,0.27417640803098825,0.2805526035665926,0.0992529348820616,-0.10022259179327711,-0.18205172990242657,-0.1900463643832991,-0.17712833748765167,0.21528979614279894
628,71,0.1441048034688686,0.252922422912307,0.0828905419628569,0.13553895408625616,-0.01564916878631652,-0.12847973043604252,-0.12630086208639546,-0.09695497036725376,0.2696600256160901
499,69,0.18995633184532676,0.09032943675439535,0.0456960680051647,0.06083244395997324,-0.03255425925057581,-0.29716769651147507,-0.2941436288907774,-0.2200093212678167,0.6121480182365187
349,70,0.23253275105203794,0.2943676938937354,0.1115834218730766,0.11846318034310578,-0.040494924110345984,-0.20617909489847247,-0.21492521751956142,-0.173230539297357,0.3514679847877637
284,50,0.4224890828973647,0.3464399574345045,0.33049946859549356,0.12379935963784028,-0.06946488959454677,-0.1060087427713845,-0.11012335725944032,-0.10422433030642397,0.12216438309741563
52,71,0.43449781651977043,0.27417640803098825,0.2805526035665926,0.0992529348820616,-0.10022259179327711,-0.18205172990242657,-0.1900463643832991,-0.17712833748765167,0.21528979614279894
590,204,0.19868995629798547,0.08182784270692284,0.07757704568318659,0.08431163285680501,-0.04695335166189681,-0.23041888102459038,-0.23402646222253434,-0.18125169263005947,0.4383749241135725
628,71,0.1441048034688686,0.252922422912307,0.0828905419628569,0.13553895408625616,-0.01564916878631652,-0.12847973043604252,-0.12630086208639546,-0.09695497036725376,0.2696600256160901
499,69,0.18995633184532676,0.09032943675439535,0.0456960680051647,0.06083244395997324,-0.03255425925057581,-0.29716769651147507,-0.2941436288907774,-0.2200093212678167,0.6121480182365187
349,70,0.23253275105203794,0.2943676938937354,0.1115834218730766,0.11846318034310578,-0.040494924110345984,-0.20617909489847247,-0.21492521751956142,-0.173230539297357,0.3514679847877637
304,471,0.72379912651409,0.540913921270438,0.5919234855552731,0.22732123795568948,-0.11618951866565759,-0.11496899791710168,-0.10894415452711213,-0.11474472445749218,0.10022981548415563
161,439,0.5534934496872452,0.36769394255318577,0.4930924547534052,0.18143009602097282,-0.07615108151177427,-0.059041115968011086,-0.05858122857062271,-0.059064667451509845,0.057711855763549466
178,288,0.5622270741399039,0.4144527098142845,0.4612114770753833,0.12166488791994648,-0.0905359883571758,-0.09985169120324325,-0.09946078854896254,-0.0999005338308363,0.09870119540764813
408,630,0.591703056667627,0.4984059510330755,0.5611052071331852,0.18249733187991973,-0.040906303254750254,-0.02849775984556264,-0.027768812484541702,-0.02845433352810134,0.026541796324056507
639,491,0.29475982527723116,0.3464399574345045,0.5419766205263721,0.33297758799143246,0.3826390855554133,0.2702595366160861,0.2774087703492297,0.27302818178476607,0.29545006575703053
600,524,0.10807860260165143,0.14665249731890068,0.20085015937153788,0.3223052294019635,0.15224603361608957,0.166908579588349,0.1720245674601631,0.14799590565453202,0.30029110164911366
486,527,0.21506550214672052,0.12752391071208755,0.27842720505472446,0.24012806826305227,0.04295470826504359,0.09019491928744613,0.0956641128109204,0.08616605034959945,0.12839180304231876
355,527,0.3591703056155891,0.21997874597835101,0.41126461204648235,0.15581643540624726,0.015843612850787055,0.05934979854395894,0.06150713037167205,0.05908233687726283,0.06761584071305969
189,512,0.5775109169320567,0.42507970237362513,0.3390010626429661,0.16115261470098174,-0.12989822003958656,-0.24913506295616294,-0.25256562384538256,-0.2477106987190847,0.26023362895346897
380,372,0.12663755456355116,0.20828905416307633,0.06376195535604377,0.03521878334524767,-0.0171026169196242,-0.14409130610667342,-0.1366049962166233,-0.10225510479309408,0.33021247344434557
552,79,0.1888646287887444,0.08926673749846128,0.2295430392817576,0.07897545356207053,0.015341160663872058,0.06288672450838913,0.06643776465193221,0.058069865280620414,0.09721962957657425
124,376,0.41048034927495897,0.3517534537141748,0.3581296492497792,0.13340448236836236,-0.046785605525976985,-0.0597126921370995,-0.06189879539546214,-0.05897879286293739,0.06810998914939732
244,375,0.5534934496872452,0.47715196591439424,0.5951115833230752,0.16221985055992866,0.019381313859866304,0.03883253125348092,0.03786648091372724,0.03868693141043367,0.036233345752382
438,363,0.12991266373329818,0.09032943675439535,0.05207226354076908,0.2145144076483267,-0.028131336817807363,-0.18246324166574834,-0.1712044878354042,-0.12650313723213624,0.42770639130148363
523,68,0.18449781656241507,0.11583421889681285,0.14665249731890068,0.03415154748630077,-0.034979692853146366,-0.06576474634964806,-0.06829969276622375,-0.05609220029282491,0.1142809968771814
37,135,0.2139737990901382,0.19341126457999944,0.22848034002582351,0.09605122730522091,0.008000319321149522,0.021808440150798237,0.023088199587363044,0.020193294908634418,0.0327857826184592
245,469,0.6965065500995314,0.4633368755872514,0.4272051008854933,0.18036286016202593,-0.16074250884534924,-0.25404420800696825,-0.24878165090882967,-0.25529740659648414,0.23965136834503253
609,135,0.20633187769406183,0.10626992559340628,0.21572794895461478,0.295624332928291,-0.013063926111558283,0.014462866367834865,0.015285300292706631,0.013250657739494631,0.022261899442725414
408,630,0.591703056667627,0.4984059510330755,0.5611052071331852,0.18249733187991973,-0.040906303254750254,-0.02849775984556264,-0.027768812484541702,-0.02845433352810134,0.026541796324056507
639,491,0.29475982527723116,0.3464399574345045,0.5419766205263721,0.33297758799143246,0.3826390855554133,0.2702595366160861,0.2774087703492297,0.27302818178476607,0.29545006575703053
600,524,0.10807860260165143,0.14665249731890068,0.20085015937153788,0.3223052294019635,0.15224603361608957,0.166908579588349,0.1720245674601631,0.14799590565453202,0.30029110164911366
486,527,0.21506550214672052,0.12752391071208755,0.27842720505472446,0.24012806826305227,0.04295470826504359,0.09019491928744613,0.0956641128109204,0.08616605034959945,0.12839180304231876
355,527,0.3591703056155891,0.21997874597835101,0.41126461204648235,0.15581643540624726,0.015843612850787055,0.05934979854395894,0.06150713037167205,0.05908233687726283,0.06761584071305969
189,512,0.5775109169320567,0.42507970237362513,0.3390010626429661,0.16115261470098174,-0.12989822003958656,-0.24913506295616294,-0.25256562384538256,-0.2477106987190847,0.26023362895346897
380,372,0.12663755456355116,0.20828905416307633,0.06376195535604377,0.03521878334524767,-0.0171026169196242,-0.14409130610667342,-0.1366049962166233,-0.10225510479309408,0.33021247344434557
552,79,0.1888646287887444,0.08926673749846128,0.2295430392817576,0.07897545356207053,0.015341160663872058,0.06288672450838913,0.06643776465193221,0.058069865280620414,0.09721962957657425
129,196,0.5393013099516748,0.4176408075820867,0.38150903288032856,0.1291355389325748,-0.10651040523591372,-0.16443654915213504,-0.16658576950914136,-0.16378651100022856,0.1713605714567895
411,173,0.19541484712823845,0.37725823585659235,0.1721572794613182,0.22945570967358328,0.015647780983096545,-0.03836075216367014,-0.040211008918805156,-0.033753866325945237,0.06327176067083422
266,319,0.656113537005985,0.5419766205263721,0.5451647182941742,0.17075773743150383,-0.09271577961954418,-0.10122766972220666,-0.09782192694947908,-0.10125013353160917,0.0923582365586264
135,328,0.4628820959909112,0.35919234850571324,0.37407013808879014,0.12806830307362788,-0.07417489144687216,-0.09707749218869233,-0.09964226718679589,-0.09630223062289367,0.10611227459430128
26,323,0.22379912659937923,0.20085015937153788,0.455897980795713,0.12166488791994648,0.36887792737113606,0.2815218514534899,0.2951141811988881,0.28541813165039887,0.34146894121881444
172,134,0.5065502182542047,0.4442082889804383,0.455897980795713,0.16755602985466314,-0.04769048286913876,-0.05163063067735537,-0.05195246603943466,-0.05159661519409653,0.052627955178998716
594,255,0.15720524014785664,0.13283740699175786,0.27842720505472446,0.14834578439361895,0.16311563380998104,0.18366070586645933,0.194340218725512,0.17551347364263148,0.2782602331029663
138,241,0.5185589518766104,0.421891604605823,0.4240170031176911,0.16328708641887554,-0.07765147193051881,-0.09737873823274473,-0.09830467732414352,-0.09720351867517096,0.1003006280619682
172,134,0.5065502182542047,0.4442082889804383,0.455897980795713,0.16755602985466314,-0.04769048286913876,-0.05163063067735537,-0.05195246603943466,-0.05159661519409653,0.052627955178998716
594,255,0.15720524014785664,0.13283740699175786,0.27842720505472446,0.14834578439361895,0.16311563380998104,0.18366070586645933,0.194340218725512,0.17551347364263148,0.2782602331029663
138,241,0.5185589518766104,0.421891604605823,0.4240170031176911,0.16328708641887554,-0.07765147193051881,-0.09737873823274473,-0.09830467732414352,-0.09720351867517096,0.1003006280619682
43,362,0.26855895191925505,0.10945802336120848,0.2263549415139554,0.05442902880629185,-0.05527491097089466,-0.05999077726342711,-0.06362899994969051,-0.05594903780021465,0.08527373510979694
160,345,0.5043668121410401,0.3974495217193395,0.4070138150227461,0.15261472782940655,-0.08010395619006264,-0.10197579641804545,-0.10346498837729029,-0.10163879399535647,0.10681809333666574
268,320,0.6430131003269969,0.5302869287110974,0.5526036130857127,0.18996798289254802,-0.08153218829606391,-0.08268302250565636,-0.07997885039450303,-0.08264675693063062,0.07561684229413035
354,320,0.24999999995735533,0.2890541976140651,0.3124335812446145,0.26574172887777786,0.07217888252580977,0.08324893445089525,0.08814619044019947,0.08087279705151751,0.1110041443731267
514,284,0.11899563316747482,0.20722635490714225,0.23379383630549383,0.04909284951155735,0.2150893887804256,0.19327297577512473,0.20192004382883355,0.17804480191382366,0.3253922287350847
599,408,0.2510917030139377,0.37938363436846045,0.557917109365383,0.13767342580414996,0.6023925261037489,0.34112380995481767,0.35159016118185715,0.3469053247043601,0.3792562240394105
516,420,0.2609170305231787,0.2263549415139554,0.30818278422087825,0.44183564560401617,0.03649641172824997,0.06265394473046408,0.06631555378230602,0.06076861843922077,0.08305205706557704
424,445,0.16921397377026234,0.13283740699175786,0.14771519657483476,0.048025613652610454,-0.021363594340150525,-0.038187915466865126,-0.03947439191577138,-0.0323822558215725,0.06783252759876064
215,485,0.501091702971293,0.43145589790922956,0.4527098830279108,0.16755602985466314,-0.047549850353489506,-0.04953943290950098,-0.049918951836386186,-0.04949757634445606,0.05072472761154406
119,480,0.14628820958203326,0.31987247603615293,0.28799149835813104,0.22305229451990188,0.29149793976048216,0.21502557940592923,0.22750428957104551,0.2070233030127161,0.3262874402632288
172,134,0.5065502182542047,0.4442082889804383,0.455897980795713,0.16755602985466314,-0.04769048286913876,-0.05163063067735537,-0.05195246603943466,-0.05159661519409653,0.052627955178998716
594,255,0.15720524014785664,0.13283740699175786,0.27842720505472446,0.14834578439361895,0.16311563380998104,0.18366070586645933,0.194340218725512,0.17551347364263148,0.2782602331029663
138,241,0.5185589518766104,0.421891604605823,0.4240170031176911,0.16328708641887554,-0.07765147193051881,-0.09737873823274473,-0.09830467732414352,-0.09720351867517096,0.1003006280619682
31,261,0.30786026195621924,0.25611052068010914,0.21679064821054883,0.1013874065999554,-0.058590276072020324,-0.1257286084023697,-0.13331669941691887,-0.11743237452433797,0.17357802627116822
157,250,0.507641921310787,0.39957492023120766,0.4240170031176911,0.14194236923993755,-0.07393088239928407,-0.08663727888809133,-0.08761617089749207,-0.08645675669441788,0.08975817188567516
360,224,0.14737991263861558,0.2773645057987904,0.05844845907637346,0.15048025611151275,-0.017903841124477668,-0.19601631587030846,-0.1889911166896307,-0.14135693788293824,0.4320450572337892
572,200,0.13973799124253922,0.11689691815274691,0.10945802336120848,0.26040554958304335,-0.02255156804975495,-0.06065633942281352,-0.060624122216907377,-0.04780830447334794,0.12150577793092855
623,323,0.39737991259597094,0.24017003184109822,0.41339001055835045,0.03628601920419457,-0.019384146277295407,0.01778044826272861,0.018321274326362123,0.01769971800779213,0.019746549343697052
450,353,0.08187772924367533,0.1147715196408788,0.08501594047472504,0.2059765207767515,0.009436546659914058,0.007681546101155674,0.007058456301670475,0.005389132277297981,0.01880250486985393
524,343,0.20633187769406183,0.18172157276472475,0.23273113704955978,0.15901814298308795,0.018268834772232772,0.03984036380986034,0.04216805473804333,0.03696076590940067,0.06012497703415549
358,357,0.16703056765709767,0.08182784270692284,0.07545164717131847,0.08964781215153951,-0.040789862452752,-0.18597160197898574,-0.18500986534649208,-0.14169718245887553,0.37765716768710444
289,373,0.6681222706283907,0.5292242294551633,0.5791710944840642,0.2123799359304329,-0.0857667122710957,-0.07964629927838528,-0.07636152378948913,-0.07949736017579445,0.0713147781759758
68,391,0.32096069863520726,0.2231668437461532,0.1774707757409885,0.4194236925661313,-0.07428505189344847,-0.20324240670778906,-0.21557086338197862,-0.18621117205001214,0.28787718227068904
31,261,0.30786026195621924,0.25611052068010914,0.21679064821054883,0.1013874065999554,-0.058590276072020324,-0.1257286084023697,-0.13331669941691887,-0.11743237452433797,0.17357802627116822
157,250,0.507641921310787,0.39957492023120766,0.4240170031176911,0.14194236923993755,-0.07393088239928407,-0.08663727888809133,-0.08761617089749207,-0.08645675669441788,0.08975817188567516
360,224,0.14737991263861558,0.2773645057987904,0.05844845907637346,0.15048025611151275,-0.017903841124477668,-0.19601631587030846,-0.1889911166896307,-0.14135693788293824,0.4320450572337892
572,200,0.13973799124253922,0.11689691815274691,0.10945802336120848,0.26040554958304335,-0.02255156804975495,-0.06065633942281352,-0.060624122216907377,-0.04780830447334794,0.12150577793092855
623,323,0.39737991259597094,0.24017003184109822,0.41339001055835045,0.03628601920419457,-0.019384146277295407,0.01778044826272861,0.018321274326362123,0.01769971800779213,0.019746549343697052
450,353,0.08187772924367533,0.1147715196408788,0.08501594047472504,0.2059765207767515,0.009436546659914058,0.007681546101155674,0.007058456301670475,0.005389132277297981,0.01880250486985393
524,343,0.20633187769406183,0.18172157276472475,0.23273113704955978,0.15901814298308795,0.018268834772232772,0.03984036380986034,0.04216805473804333,0.03696076590940067,0.06012497703415549
358,357,0.16703056765709767,0.08182784270692284,0.07545164717131847,0.08964781215153951,-0.040789862452752,-0.18597160197898574,-0.18500986534649208,-0.14169718245887553,0.37765716768710444
289,373,0.6681222706283907,0.5292242294551633,0.5791710944840642,0.2123799359304329,-0.0857667122710957,-0.07964629927838528,-0.07636152378948913,-0.07949736017579445,0.0713147781759758
68,391,0.32096069863520726,0.2231668437461532,0.1774707757409885,0.4194236925661313,-0.07428505189344847,-0.20324240670778906,-0.21557086338197862,-0.18621117205001214,0.28787718227068904
43,362,0.26855895191925505,0.10945802336120848,0.2263549415139554,0.05442902880629185,-0.05527491097089466,-0.05999077726342711,-0.06362899994969051,-0.05594903780021465,0.08527373510979694
160,345,0.5043668121410401,0.3974495217193395,0.4070138150227461,0.15261472782940655,-0.08010395619006264,-0.10197579641804545,-0.10346498837729029,-0.10163879399535647,0.10681809333666574
268,320,0.6430131003269969,0.5302869287110974,0.5526036130857127,0.18996798289254802,-0.08153218829606391,-0.08268302250565636,-0.07997885039450303,-0.08264675693063062,0.07561684229413035
354,320,0.24999999995735533,0.2890541976140651,0.3124335812446145,0.26574172887777786,0.07217888252580977,0.08324893445089525,0.08814619044019947,0.08087279705151751,0.1110041443731267
514,284,0.11899563316747482,0.20722635490714225,0.23379383630549383,0.04909284951155735,0.2150893887804256,0.19327297577512473,0.20192004382883355,0.17804480191382366,0.3253922287350847
599,408,0.2510917030139377,0.37938363436846045,0.557917109365383,0.13767342580414996,0.6023925261037489,0.34112380995481767,0.35159016118185715,0.3469053247043601,0.3792562240394105
516,420,0.2609170305231787,0.2263549415139554,0.30818278422087825,0.44183564560401617,0.03649641172824997,0.06265394473046408,0.06631555378230602,0.06076861843922077,0.08305205706557704
424,445,0.16921397377026234,0.13283740699175786,0.14771519657483476,0.048025613652610454,-0.021363594340150525,-0.038187915466865126,-0.03947439191577138,-0.0323822558215725,0.06783252759876064
215,485,0.501091702971293,0.43145589790922956,0.4527098830279108,0.16755602985466314,-0.047549850353489506,-0.04953943290950098,-0.049918951836386186,-0.04949757634445606,0.05072472761154406
119,480,0.14628820958203326,0.31987247603615293,0.28799149835813104,0.22305229451990188,0.29149793976048216,0.21502557940592923,0.22750428957104551,0.2070233030127161,0.3262874402632288
129,196,0.5393013099516748,0.4176408075820867,0.38150903288032856,0.1291355389325748,-0.10651040523591372,-0.16443654915213504,-0.16658576950914136,-0.16378651100022856,0.1713605714567895
411,173,0.19541484712823845,0.37725823585659235,0.1721572794613182,0.22945570967358328,0.015647780983096545,-0.03836075216367014,-0.040211008918805156,-0.033753866325945237,0.06327176067083422
266,319,0.656113537005985,0.5419766205263721,0.5451647182941742,0.17075773743150383,-0.09271577961954418,-0.10122766972220666,-0.09782192694947908,-0.10125013353160917,0.0923582365586264
135,328,0.4628820959909112,0.35919234850571324,0.37407013808879014,0.12806830307362788,-0.07417489144687216,-0.09707749218869233,-0.09964226718679589,-0.09630223062289367,0.10611227459430128
26,323,0.22379912659937923,0.20085015937153788,0.455897980795713,0.12166488791994648,0.36887792737113606,0.2815218514534899,0.2951141811988881,0.28541813165039887,0.34146894121881444
43,362,0.26855895191925505,0.10945802336120848,0.2263549415139554,0.05442902880629185,-0.05527491097089466,-0.05999077726342711,-0.06362899994969051,-0.05594903780021465,0.08527373510979694
160,345,0.5043668121410401,0.3974495217193395,0.4070138150227461,0.15261472782940655,-0.08010395619006264,-0.10197579641804545,-0.10346498837729029,-0.10163879399535647,0.10681809333666574
268,320,0.6430131003269969,0.5302869287110974,0.5526036130857127,0.18996798289254802,-0.08153218829606391,-0.08268302250565636,-0.07997885039450303,-0.08264675693063062,0.07561684229413035
354,320,0.24999999995735533,0.2890541976140651,0.3124335812446145,0.26574172887777786,0.07217888252580977,0.08324893445089525,0.08814619044019947,0.08087279705151751,0.1110041443731267
514,284,0.11899563316747482,0.20722635490714225,0.23379383630549383,0.04909284951155735,0.2150893887804256,0.19327297577512473,0.20192004382883355,0.17804480191382366,0.3253922287350847
599,408,0.2510917030139377,0.37938363436846045,0.557917109365383,0.13767342580414996,0.6023925261037489,0.34112380995481767,0.35159016118185715,0.3469053247043601,0.3792562240394105
516,420,0.2609170305231787,0.2263549415139554,0.30818278422087825,0.44183564560401617,0.03649641172824997,0.06265394473046408,0.06631555378230602,0.06076861843922077,0.08305205706557704
424,445,0.16921397377026234,0.13283740699175786,0.14771519657483476,0.048025613652610454,-0.021363594340150525,-0.038187915466865126,-0.03947439191577138,-0.0323822558215725,0.06783252759876064
215,485,0.501091702971293,0.43145589790922956,0.4527098830279108,0.16755602985466314,-0.047549850353489506,-0.04953943290950098,-0.049918951836386186,-0.04949757634445606,0.05072472761154406
119,480,0.14628820958203326,0.31987247603615293,0.28799149835813104,0.22305229451990188,0.29149793976048216,0.21502557940592923,0.22750428957104551,0.2070233030127161,0.3262874402632288
129,196,0.5393013099516748,0.4176408075820867,0.38150903288032856,0.1291355389325748,-0.10651040523591372,-0.16443654915213504,-0.16658576950914136,-0.16378651100022856,0.1713605714567895
411,173,0.19541484712823845,0.37725823585659235,0.1721572794613182,0.22945570967358328,0.015647780983096545,-0.03836075216367014,-0.040211008918805156,-0.033753866325945237,0.06327176067083422
266,319,0.656113537005985,0.5419766205263721,0.5451647182941742,0.17075773743150383,-0.09271577961954418,-0.10122766972220666,-0.09782192694947908,-0.10125013353160917,0.0923582365586264
135,328,0.4628820959909112,0.35919234850571324,0.37407013808879014,0.12806830307362788,-0.07417489144687216,-0.09707749218869233,-0.09964226718679589,-0.09630223062289367,0.10611227459430128
26,323,0.22379912659937923,0.20085015937153788,0.455897980795713,0.12166488791994648,0.36887792737113606,0.2815218514534899,0.2951141811988881,0.28541813165039887,0.34146894121881444
31,261,0.30786026195621924,0.25611052068010914,0.21679064821054883,0.1013874065999554,-0.058590276072020324,-0.1257286084023697,-0.13331669941691887,-0.11743237452433797,0.17357802627116822
157,250,0.507641921310787,0.39957492023120766,0.4240170031176911,0.14194236923993755,-0.07393088239928407,-0.08663727888809133,-0.08761617089749207,-0.08645675669441788,0.08975817188567516
360,224,0.14737991263861558,0.2773645057987904,0.05844845907637346,0.15048025611151275,-0.017903841124477668,-0.19601631587030846,-0.1889911166896307,-0.14135693788293824,0.4320450572337892
572,200,0.13973799124253922,0.11689691815274691,0.10945802336120848,0.26040554958304335,-0.02255156804975495,-0.06065633942281352,-0.060624122216907377,-0.04780830447334794,0.12150577793092855
623,323,0.39737991259597094,0.24017003184109822,0.41339001055835045,0.03628601920419457,-0.019384146277295407,0.01778044826272861,0.018321274326362123,0.01769971800779213,0.019746549343697052
450,353,0.08187772924367533,0.1147715196408788,0.08501594047472504,0.2059765207767515,0.009436546659914058,0.007681546101155674,0.007058456301670475,0.005389132277297981,0.01880250486985393
524,343,0.20633187769406183,0.18172157276472475,0.23273113704955978,0.15901814298308795,0.018268834772232772,0.03984036380986034,0.04216805473804333,0.03696076590940067,0.06012497703415549
358,357,0.16703056765709767,0.08182784270692284,0.07545164717131847,0.08964781215153951,-0.040789862452752,-0.18597160197898574,-0.18500986534649208,-0.14169718245887553,0.37765716768710444
289,373,0.6681222706283907,0.5292242294551633,0.5791710944840642,0.2123799359304329,-0.0857667122710957,-0.07964629927838528,-0.07636152378948913,-0.07949736017579445,0.0713147781759758
68,391,0.32096069863520726,0.2231668437461532,0.1774707757409885,0.4194236925661313,-0.07428505189344847,-0.20324240670778906,-0.21557086338197862,-0.18621117205001214,0.28787718227068904
73,481,0.20742358075064415,0.26461211472758167,0.19659936234780165,0.22305229451990188,0.0026332187501506192,-0.017028961497135075,-0.017959885102518905,-0.01536911191822532,0.026790435961201856
53,259,0.24344978161786132,0.18384697127659289,0.12221041443241723,0.1003201707410085,-0.05467099013907764,-0.2004928414917768,-0.21007890556847714,-0.171278418846726,0.3315538626600397
52,191,0.2532751091271023,0.2061636556512082,0.2773645057987904,0.1291355389325748,0.010785579440430387,0.03306907102636286,0.035059533707069365,0.0316321261683008,0.04539605138089754
145,67,0.507641921310787,0.36450584478538356,0.42295430386175703,0.13874066166309687,-0.0802975320520886,-0.08778836317471961,-0.0887955243894747,-0.08759994508019875,0.09100263618660681
145,359,0.5262008732726867,0.40382571725494393,0.4612114770753833,0.13127001065046856,-0.0670211474229463,-0.06540202170448221,-0.06553896932448197,-0.06538792863741327,0.06581724515159128
160,556,0.5207423579897751,0.354941551481977,0.2720510095191201,0.08858057629259261,-0.1212604039901123,-0.2793044982472678,-0.288548921911343,-0.2736284171526444,0.31368603158748604
3,506,0.20524017463747948,0.10839532410527442,0.11689691815274691,0.2017075773409639,-0.05128286257586179,-0.1556489850700706,-0.16118147814918846,-0.1295937499842278,0.27423266770628124
5,598,0.16157205237418598,0.2805526035665926,0.45377258228384487,0.14407684095783135,0.723298644479775,0.3724930912465015,0.39296986040992243,0.38343836324619196,0.4748489489368868
109,526,0.11135371177139844,0.14771519657483476,0.08714133898659315,0.042689434357875956,-0.00946628709658277,-0.05434398378749683,-0.05199468667887418,-0.03988313209499206,0.12197355476782323
107,417,0.32641921391811896,0.387885228415933,0.35919234850571324,0.19530416218728253,0.04237707206384915,0.03957999965973636,0.04146323572062035,0.039030646763998145,0.047800623072452746
95,285,0.3460698689366011,0.2975557916615376,0.34750265669043856,0.045891141934716655,-0.008591769656857751,0.0017203997266217032,0.0018005999907639765,0.0016922759498573248,0.002065762050364033
93,33,0.4890829693488873,0.3804463336243945,0.42826780014142735,0.15154749197045966,-0.06162683607096413,-0.06349532343973384,-0.06436098363354344,-0.06335280218185846,0.06629360831462097
198,75,0.5665938863662333,0.4442082889804383,0.4665249733550536,0.16221985055992866,-0.0860687852413152,-0.09845142324239058,-0.09790657243264692,-0.09851417176897037,0.09686006483049163
195,137,0.5567685588569923,0.42507970237362513,0.4665249733550536,0.17822838844413214,-0.08256052928239511,-0.08921011044527136,-0.08886303180174386,-0.089248526343223,0.08818847818108559
215,180,0.5840611352715507,0.43358129642109766,0.4527098830279108,0.16969050157255694,-0.10477483013380803,-0.12900030099285875,-0.1282075233410755,-0.12912127097519632,0.12669141781304064
208,314,0.6048034933466151,0.45696068005164703,0.5111583421042842,0.16969050157255694,-0.08830527232618872,-0.08864591080000028,-0.08692461960452016,-0.08871960693144287,0.08391355073833985
3,213,0.20524017463747948,0.17109458020538412,0.4612114770753833,0.1099252934715306,0.44480282104968333,0.31354777183607685,0.329163821534846,0.3193509970231778,0.3840750912842145
19,431,0.1441048034688686,0.42295430386175703,0.16259298615791162,0.08537886871575191,0.07960760050351352,0.033383498325541015,0.03437710148913224,0.028516414745353602,0.06027947274338901
118,354,0.37117903923799483,0.2571732199360432,0.3868225291599989,0.09498399144627401,-0.010719619496175984,0.017967819828481023,0.018652623549143137,0.017818937061762186,0.020637518136838548
515,68,0.1943231440716561,0.1030818278256041,0.08501594047472504,0.045891141934716655,-0.0462385182857234,-0.20681172145416607,-0.2103817208690894,-0.16388862684794436,0.39129250627351536
540,149,0.13100436678988053,0.08820403824252722,0.04675876726109877,0.35538954102931736,-0.02710873807780348,-0.19980857551205375,-0.18644644077709815,-0.13693439074203717,0.4738938350576099
555,312,0.19213973795849143,0.33049946859549356,0.3857598299040648,0.254002134429362,0.3665235469929886,0.2546950256048832,0.26943830470331276,0.2554184104092305,0.3350352615943946
564,379,0.16266375543076833,0.4930924547534052,0.5090329435924161,0.22305229451990188,1.073870161302521,0.4226193987233955,0.44341625799175366,0.4385865517511818,0.5156554122495172
575,490,0.1703056768268447,0.3007438894293398,0.07120085014758222,0.200640341482017,-0.022238801563556843,-0.20166076852215778,-0.2004773305686255,-0.1530091229592011,0.410343904122503
584,597,0.12445414845038649,0.13708820401549413,0.0456960680051647,0.27214514403145923,-0.02220464393789285,-0.19092644117888513,-0.17628189521679183,-0.12906340777934122,0.46284657865920015
81,27,0.48471615712255794,0.3921360254396692,0.35919234850571324,0.12059765206099958,-0.08813340329338076,-0.13663936871439467,-0.14010202999922455,-0.13542270509386978,0.14873925301025473
207,447,0.44759825319875846,0.43995749195670203,0.48459086070593266,0.1974386339051763,0.03038482178013743,0.03831427629699079,0.03874385480510201,0.03831714565650135,0.03968316342016992
188,311,0.5283842793858514,0.4208289053498889,0.46546227409911956,0.18783351117465422,-0.06329146260392057,-0.06311617555693982,-0.06318076674235823,-0.06311023444093289,0.0633109494438136
2,97,0.15720524014785664,0.2263549415139554,0.11052072261714255,0.05122732122945115,-0.016532686748713363,-0.0902234735438423,-0.09121206084542213,-0.07219780647533758,0.17436776574890775
419,144,0.1102620087148161,0.4006376194871417,0.13283740699175786,0.18463180359781353,0.09171532860616997,0.045786183460404875,0.045569454092225445,0.03673976689886993,0.09286104415702146
418,339,0.18558951961899742,0.26886291175131793,0.14452709880703254,0.33297758799143246,-0.012611319736471735,-0.07146680431186377,-0.07419788996602245,-0.060838083881619154,0.1243838753541274
449,621,0.6681222706283907,0.6036131773705478,0.5653560041569214,0.21878335108411429,-0.08048368141618778,-0.09253011415273886,-0.08892440313671207,-0.0924505272574434,0.08331353833057849
578,577,0.17358078599659169,0.15940488839010944,0.2263549415139554,0.3201707576840697,0.05135524513673451,0.08344893729817383,0.08796224003796096,0.07670643740311278,0.1319533080392898
579,56,0.08733624452658702,0.11902231666461505,0.17534537722912039,0.18036286016202593,0.154062690787764,0.17171358348253027,0.17308922808179797,0.14612603673340618,0.3350283480143915
147,194,0.5633187771964863,0.34218916041076824,0.37194473957692203,0.1077908217536368,-0.13028636181373704,-0.1978854033489007,-0.20000445373924877,-0.19718376598528708,0.20461828601047935
141,60,0.5524017466306629,0.38150903288032856,0.38150903288032856,0.13874066166309687,-0.11802266533791181,-0.17683509815658283,-0.17876792179747963,-0.17624497695132701,0.1829841448203768
161,564,0.5709606985925626,0.252922422912307,0.7481402761775803,0.11846318034310578,0.10238124437877928,0.1542669838580417,0.14609848764447442,0.1511010795795371,0.13431741391842847
29,8,0.33187772920103065,0.21785334746648288,0.20828905416307633,0.08964781215153951,-0.07636239407209647,-0.16815536809899884,-0.1782226085771196,-0.15707257301534938,0.22879302166793605
47,501,0.08406113535684,0.15302869285450504,0.2848034005903289,0.06189967981892014,0.5907627396012197,0.3305212890736807,0.34655563548680335,0.32173549882399244,0.5442019575055285
606,454,0.17467248905317403,0.17534537722912039,0.1264612114561535,0.26467449301883095,-0.02782457604011481,-0.08785404159649135,-0.0902670962713496,-0.07273561565601039,0.1600939278145847
162,182,0.46179039293432883,0.4006376194871417,0.43145589790922956,0.14621131267572515,-0.03409987131151774,-0.032095814933187715,-0.03265853469370006,-0.032016485854311716,0.0339594278726711
6,2,0.12336244539380416,0.10201912856967003,0.1827842720206588,0.04909284951155735,0.06410553409321262,0.10739254383333552,0.11056503480083979,0.09341961175400892,0.1940895878572677
4,76,0.16703056765709767,0.13602550475956005,0.09351753452219753,0.06510138739576084,-0.03639660659694843,-0.14401644019921614,-0.1449850518221714,-0.11308641446050938,0.28213682202707885
7,252,0.2751091702587491,0.09245483526626347,0.32731137082769135,0.1067235858946899,0.006223228015331655,0.06725665496103495,0.07102786754419181,0.06570798722649951,0.08665263295325784
102,573,0.1331877729030452,0.1668437831816479,0.23910733258516415,0.17822838844413214,0.16419488892548828,0.17359078408703635,0.1821373457439487,0.16079899164665,0.28449666700762694
108,231,0.41266375538812367,0.3496280552023067,0.3528161529701089,0.13553895408625616,-0.05171194147161842,-0.06840328388853475,-0.07093805203795463,-0.06750475618383989,0.07818207864591765
114,100,0.4858078601791403,0.40382571725494393,0.4155154090702186,0.15048025611151275,-0.06212007798497759,-0.0740399172898686,-0.07524167388655842,-0.07380423001986713,0.07798717921075067
108,13,0.43886462874609977,0.37619553660065824,0.38257173213626267,0.13447171822730927,-0.05018275563571923,-0.06211034705531053,-0.06389917951355445,-0.06163091878103655,0.06852899377478233
195,53,0.5524017466306629,0.40595111576681203,0.44314558972450424,0.16221985055992866,-0.09361293667547992,-0.1094996265859391,-0.10958067497239922,-0.10948722260588606,0.10974367736219574
193,516,0.5709606985925626,0.3953241232074714,0.4516471837719767,0.16328708641887554,-0.10328943894308976,-0.11798666235066066,-0.11754115051270021,-0.11805341776388034,0.11667457184222067
93,638,0.2259825327125439,0.2996811901734057,0.42614240162955924,0.07257203840838913,0.3297388021633584,0.24786103517050095,0.2605942960159947,0.24981406473960532,0.306930130477999
64,191,0.26200873357976107,0.24123273109703228,0.24442082886483446,0.09178228386943331,-0.017001441834353457,-0.02471440636505184,-0.02621304991754233,-0.023262810979300053,0.034728527928849555
60,45,0.3679039300682478,0.3018065886852739,0.3666312432972517,0.13233724650941547,-0.014187969180622437,-0.0014849417395138601,-0.0015463327128939631,-0.0014672929416501557,0.0017326073992004845
163,119,0.6299126636480089,0.4378320934448339,0.48459086070593266,0.14514407681677827,-0.1189882524704632,-0.137653782532676,-0.1350144944125572,-0.1379343265763422,0.13039035941235183
177,256,0.4781659387830639,0.45058448451604266,0.3900106269278011,0.18569903945676042,-0.0620203008921601,-0.09461105619791085,-0.09664833080616031,-0.09407753743252001,0.10153957859886811
183,376,0.5840611352715507,0.4590860785635152,0.46546227409911956,0.16862326571361003,-0.0955309592227136,-0.11576638167166442,-0.11480767236460362,-0.11588649527589645,0.11300153347148843
197,605,0.5065502182542047,0.2571732199360432,0.11264612112901067,0.05016008537050425,-0.08116643179003233,-0.5005792098623948,-0.5279242416178384,-0.46584516427174827,0.6361435480207115
73,481,0.20742358075064415,0.26461211472758167,0.19659936234780165,0.22305229451990188,0.0026332187501506192,-0.017028961497135075,-0.017959885102518905,-0.01536911191822532,0.026790435961201856
53,259,0.24344978161786132,0.18384697127659289,0.12221041443241723,0.1003201707410085,-0.05467099013907764,-0.2004928414917768,-0.21007890556847714,-0.171278418846726,0.3315538626600397
52,191,0.2532751091271023,0.2061636556512082,0.2773645057987904,0.1291355389325748,0.010785579440430387,0.03306907102636286,0.035059533707069365,0.0316321261683008,0.04539605138089754
145,67,0.507641921310787,0.36450584478538356,0.42295430386175703,0.13874066166309687,-0.0802975320520886,-0.08778836317471961,-0.0887955243894747,-0.08759994508019875,0.09100263618660681
145,359,0.5262008732726867,0.40382571725494393,0.4612114770753833,0.13127001065046856,-0.0670211474229463,-0.06540202170448221,-0.06553896932448197,-0.06538792863741327,0.06581724515159128
160,556,0.5207423579897751,0.354941551481977,0.2720510095191201,0.08858057629259261,-0.1212604039901123,-0.2793044982472678,-0.288548921911343,-0.2736284171526444,0.31368603158748604
48,559,0.2259825327125439,0.17853347499692257,0.17640807648505444,0.06830309497260154,-0.03836563122850086,-0.07814992980471999,-0.08240428314135498,-0.06969968010766325,0.12319675902743106
50,342,0.18013100433608573,0.1285866099680216,0.19128586606813133,0.09071504801048641,-0.0014706772613349063,0.018303219022687462,0.019201026529046372,0.016329254109924474,0.030032453911659967
43,233,0.1997816593545678,0.19978746011560383,0.12964930922395568,0.08644610457469881,-0.03640761587180739,-0.12218828181979773,-0.12683062635552025,-0.10296446494370015,0.2128828890912078
136,40,0.510917030480534,0.39638682246340545,0.41339001055835045,0.13660618994520307,-0.08166034413467639,-0.10144120177206122,-0.10270922635246568,-0.10117162188982753,0.10551250114235095
130,89,0.4858078601791403,0.37407013808879014,0.40807651427868014,0.16862326571361003,-0.07100557558232082,-0.08221537604657483,-0.08364838109642397,-0.0819061301746905,0.08695807843754233
130,216,0.49781659380154597,0.4091392135346142,0.44314558972450424,0.14621131267572515,-0.05472018810962006,-0.05635968265724725,-0.056910525083056974,-0.05628703979870919,0.05810053663739215
129,306,0.42685589512369404,0.3390010626429661,0.3358129648751639,0.13340448236836236,-0.0711213444405724,-0.10424984140179427,-0.10815450340724689,-0.10262679651184026,0.11937257219402181
562,606,0.10807860260165143,0.07757704568318659,0.04675876726109877,0.07363927426733603,-0.02386037758746021,-0.15582927065289187,-0.1404598260042007,-0.10253686117275529,0.3960017647757511
550,337,0.15502183403469194,0.09564293303406567,0.17959617425285662,0.15048025611151275,0.009016994707930761,0.04248158496074264,0.044165195738203725,0.03717708905883632,0.07343778533171011
546,225,0.23253275105203794,0.11902231666461505,0.12114771517648316,0.09391675558732711,-0.058249677407918914,-0.18729025939746585,-0.19571210817536688,-0.15897699551844446,0.3149223744035754
551,91,0.21179039297697352,0.252922422912307,0.18703506904439507,0.11846318034310578,-0.010224087280878407,-0.03919871361864828,-0.041312336594368455,-0.035133778176559716,0.062069025863365795
35,153,0.245633187731026,0.2061636556512082,0.21679064821054883,0.08004268942101743,-0.0273305316633944,-0.042413946366757875,-0.04495250113741084,-0.03916828632294711,0.062371168906110816
36,273,0.2805676855416608,0.18490967053252694,0.3315621678514276,0.11846318034310578,0.0256006061248095,0.06517753088460729,0.0687788782589153,0.06376879268372249,0.08330529234368969
42,381,0.33078602614444835,0.25929861844791136,0.15515409136637318,0.24226253998094607,-0.07260765207152096,-0.25194609136051416,-0.26720205061713975,-0.22829977449945626,0.3614196723304078
39,488,0.10807860260165143,0.15621679062230726,0.21891604672241696,0.1035218783178492,0.19908593840715483,0.19382488522603744,0.20103413624518646,0.1756247879800107,0.33894760247401706
47,572,0.11790393011089247,0.08926673749846128,0.27098831026318604,0.12593383135573408,0.2682905555737813,0.24547692131088705,0.25832601719451187,0.23409519975461524,0.39363204753954484
154,499,0.3558951964458421,0.48034006368219645,0.3071200849649442,0.15048025611151275,-0.012194112600533519,-0.05990087895418678,-0.06290719847202102,-0.05832375776222509,0.07356447877957091
143,357,0.517467248820028,0.3836344313921967,0.4516471837719767,0.16328708641887554,-0.06931899696755062,-0.06686033654052136,-0.06720336320690189,-0.06681857288920656,0.06791704612181157
147,283,0.5360262007819279,0.3708820403209879,0.3613177470175814,0.13340448236836236,-0.11647368131877232,-0.18443016958520284,-0.18754206267999585,-0.18332817904588827,0.19469288478096738
138,220,0.5305676854990161,0.38257173213626267,0.45058448451604266,0.15154749197045966,-0.07947620152396849,-0.08074740298197261,-0.08100048292001441,-0.08071437282798777,0.08151887250865278
142,171,0.5262008732726867,0.40170031874307577,0.43995749195670203,0.13874066166309687,-0.07850414008304135,-0.08774036001124517,-0.08823344401218185,-0.08766445576348603,0.08926331261257227
118,57,0.48689956323572264,0.35069075445824077,0.37619553660065824,0.14300960509888447,-0.08947311017382724,-0.11916027295430341,-0.12182186580840967,-0.11835291607755793,0.12826248409660165
606,637,0.29475982527723116,0.28161530282252667,0.3092454834768123,0.3020277480819724,0.009399613305680694,0.018638640033126222,0.0196813260641977,0.01810267804496679,0.023982267226500556
147,194,0.5633187771964863,0.34218916041076824,0.37194473957692203,0.1077908217536368,-0.13028636181373704,-0.1978854033489007,-0.20000445373924877,-0.19718376598528708,0.20461828601047935
141,60,0.5524017466306629,0.38150903288032856,0.38150903288032856,0.13874066166309687,-0.11802266533791181,-0.17683509815658283,-0.17876792179747963,-0.17624497695132701,0.1829841448203768
161,564,0.5709606985925626,0.252922422912307,0.7481402761775803,0.11846318034310578,0.10238124437877928,0.1542669838580417,0.14609848764447442,0.1511010795795371,0.13431741391842847
29,8,0.33187772920103065,0.21785334746648288,0.20828905416307633,0.08964781215153951,-0.07636239407209647,-0.16815536809899884,-0.1782226085771196,-0.15707257301534938,0.22879302166793605
47,501,0.08406113535684,0.15302869285450504,0.2848034005903289,0.06189967981892014,0.5907627396012197,0.3305212890736807,0.34655563548680335,0.32173549882399244,0.5442019575055285
606,454,0.17467248905317403,0.17534537722912039,0.1264612114561535,0.26467449301883095,-0.02782457604011481,-0.08785404159649135,-0.0902670962713496,-0.07273561565601039,0.1600939278145847
3,213,0.20524017463747948,0.17109458020538412,0.4612114770753833,0.1099252934715306,0.44480282104968333,0.31354777183607685,0.329163821534846,0.3193509970231778,0.3840750912842145
19,431,0.1441048034688686,0.42295430386175703,0.16259298615791162,0.08537886871575191,0.07960760050351352,0.033383498325541015,0.03437710148913224,0.028516414745353602,0.06027947274338901
118,354,0.37117903923799483,0.2571732199360432,0.3868225291599989,0.09498399144627401,-0.010719619496175984,0.017967819828481023,0.018652623549143137,0.017818937061762186,0.020637518136838548
515,68,0.1943231440716561,0.1030818278256041,0.08501594047472504,0.045891141934716655,-0.0462385182857234,-0.20681172145416607,-0.2103817208690894,-0.16388862684794436,0.39129250627351536
540,149,0.13100436678988053,0.08820403824252722,0.04675876726109877,0.35538954102931736,-0.02710873807780348,-0.19980857551205375,-0.18644644077709815,-0.13693439074203717,0.4738938350576099
555,312,0.19213973795849143,0.33049946859549356,0.3857598299040648,0.254002134429362,0.3665235469929886,0.2546950256048832,0.26943830470331276,0.2554184104092305,0.3350352615943946
564,379,0.16266375543076833,0.4930924547534052,0.5090329435924161,0.22305229451990188,1.073870161302521,0.4226193987233955,0.44341625799175366,0.4385865517511818,0.5156554122495172
575,490,0.1703056768268447,0.3007438894293398,0.07120085014758222,0.200640341482017,-0.022238801563556843,-0.20166076852215778,-0.2004773305686255,-0.1530091229592011,0.410343904122503
584,597,0.12445414845038649,0.13708820401549413,0.0456960680051647,0.27214514403145923,-0.02220464393789285,-0.19092644117888513,-0.17628189521679183,-0.12906340777934122,0.46284657865920015
35,153,0.245633187731026,0.2061636556512082,0.21679064821054883,0.08004268942101743,-0.0273305316633944,-0.042413946366757875,-0.04495250113741084,-0.03916828632294711,0.062371168906110816
36,273,0.2805676855416608,0.18490967053252694,0.3315621678514276,0.11846318034310578,0.0256006061248095,0.06517753088460729,0.0687788782589153,0.06376879268372249,0.08330529234368969
42,381,0.33078602614444835,0.25929861844791136,0.15515409136637318,0.24226253998094607,-0.07260765207152096,-0.25194609136051416,-0.26720205061713975,-0.22829977449945626,0.3614196723304078
39,488,0.10807860260165143,0.15621679062230726,0.21891604672241696,0.1035218783178492,0.19908593840715483,0.19382488522603744,0.20103413624518646,0.1756247879800107,0.33894760247401706
47,572,0.11790393011089247,0.08926673749846128,0.27098831026318604,0.12593383135573408,0.2682905555737813,0.24547692131088705,0.25832601719451187,0.23409519975461524,0.39363204753954484
154,499,0.3558951964458421,0.48034006368219645,0.3071200849649442,0.15048025611151275,-0.012194112600533519,-0.05990087895418678,-0.06290719847202102,-0.05832375776222509,0.07356447877957091
143,357,0.517467248820028,0.3836344313921967,0.4516471837719767,0.16328708641887554,-0.06931899696755062,-0.06686033654052136,-0.06720336320690189,-0.06681857288920656,0.06791704612181157
147,283,0.5360262007819279,0.3708820403209879,0.3613177470175814,0.13340448236836236,-0.11647368131877232,-0.18443016958520284,-0.18754206267999585,-0.18332817904588827,0.19469288478096738
138,220,0.5305676854990161,0.38257173213626267,0.45058448451604266,0.15154749197045966,-0.07947620152396849,-0.08074740298197261,-0.08100048292001441,-0.08071437282798777,0.08151887250865278
142,171,0.5262008732726867,0.40170031874307577,0.43995749195670203,0.13874066166309687,-0.07850414008304135,-0.08774036001124517,-0.08823344401218185,-0.08766445576348603,0.08926331261257227
118,57,0.48689956323572264,0.35069075445824077,0.37619553660065824,0.14300960509888447,-0.08947311017382724,-0.11916027295430341,-0.12182186580840967,-0.11835291607755793,0.12826248409660165
606,637,0.29475982527723116,0.28161530282252667,0.3092454834768123,0.3020277480819724,0.009399613305680694,0.018638640033126222,0.0196813260641977,0.01810267804496679,0.023982267226500556
46,87,0.33951965059710704,0.21572794895461478,0.303931987197142,0.0992529348820616,-0.04764778414964841,-0.044364767278934715,-0.04668412229836914,-0.043111091626367615,0.055306589702561436
56,300,0.21615720520330287,0.08926673749846128,0.12433581294428536,0.1099252934715306,-0.05684837946110968,-0.15735602070067364,-0.16386863257055712,-0.132921067370268,0.26966394158415874
179,616,0.1506550218083626,0.12433581294428536,0.07120085014758222,0.08751334043364571,-0.03252615237318808,-0.16868304977037424,-0.16510166080903796,-0.12534688633297852,0.358118041551583
177,507,0.47052401738698757,0.3315621678514276,0.4123273113024164,0.200640341482017,-0.0651524056880523,-0.06193726960746486,-0.06312638625434777,-0.061702723793364944,0.06591827001233454
183,431,0.5524017466306629,0.5015940488008777,0.5079702443364821,0.17075773743150383,-0.04202959240527927,-0.04314786331588708,-0.042712087289477015,-0.04315624991461564,0.04190136025833947
180,37,0.5054585151976223,0.43039319865329545,0.41657810832615266,0.15795090712414106,-0.07097301540791358,-0.09256134362601316,-0.09375264152078407,-0.09232043318897842,0.09639471055345548
606,26,0.12663755456355116,0.32306057380395514,0.2635494154716476,0.06189967981892014,0.3096772886382513,0.2191791081640581,0.23069928514776206,0.20750627639876773,0.35087886674290797
615,255,0.16048034931760363,0.07863974493912065,0.08182784270692284,0.08858057629259261,-0.040426979016663256,-0.15977894970598733,-0.15893287128043304,-0.1223231751218039,0.3245835795650203
615,381,0.3417030567102717,0.19872476085966975,0.13283740699175786,0.2198505869430612,-0.07607174830784506,-0.3031976511342592,-0.3214800004358347,-0.27171469348221233,0.440133704967178
621,506,0.15502183403469194,0.4155154090702186,0.2837407013343948,0.19530416218728253,0.28381753369340657,0.19432223132386792,0.2056710145123955,0.1864034847050875,0.2933612624422194
616,598,0.1441048034688686,0.10414452708153817,0.06057385758824158,0.200640341482017,-0.031446754271888366,-0.18462925039103703,-0.1778039391851875,-0.13318758918302842,0.40808779372470577
126,560,0.5469432313477512,0.997874601322085,0.2826780020784607,0.15581643540624726,-0.06265234004754663,-0.29013324025525666,-0.2981261588495939,-0.28555199655843166,0.3185333695173135
239,630,0.5993449780637033,0.5451647182941742,0.5589798086213171,0.17716115258518522,-0.04022287854099506,-0.03750504028302455,-0.03651116906182625,-0.037454664587691866,0.034847578051270714
219,246,0.5665938863662333,0.473963868146592,0.4325185971651636,0.16862326571361003,-0.0960192595782939,-0.13413414916137778,-0.13415376513385352,-0.13413106459194557,0.13419304016302958
208,135,0.5698689955359802,0.4272051008854933,0.44527098823637234,0.18143009602097282,-0.1001769077536639,-0.12366476110610018,-0.12335214495707483,-0.12371602518263236,0.12273851564462697
467,44,0.060043668112028575,0.24867162588857072,0.09883103080186785,0.17929562430307902,0.11315170474343164,0.09730814837048463,0.08830231251025501,0.06871417522902412,0.24412271002565542
450,341,0.11135371177139844,0.2667375132394498,0.134962805503626,0.3948772678103526,0.06055193199740648,0.047568984096705944,0.04745061524342762,0.038339338540065326,0.09584474114329762
590,582,0.24126637550469662,0.4495217852601086,0.12539851220021941,0.4514407683345383,-0.026528671796211666,-0.191347317048591,-0.20053861310552823,-0.16381565640807316,0.31599615200998005
592,175,0.19323144101507378,0.18172157276472475,0.07545164717131847,0.0981856990231147,-0.03768876442008179,-0.227217886390279,-0.2298312309485379,-0.17734591202727734,0.43834320444588787
126,560,0.5469432313477512,0.997874601322085,0.2826780020784607,0.15581643540624726,-0.06265234004754663,-0.29013324025525666,-0.2981261588495939,-0.28555199655843166,0.3185333695173135
93,638,0.2259825327125439,0.2996811901734057,0.42614240162955924,0.07257203840838913,0.3297388021633584,0.24786103517050095,0.2605942960159947,0.24981406473960532,0.306930130477999
64,191,0.26200873357976107,0.24123273109703228,0.24442082886483446,0.09178228386943331,-0.017001441834353457,-0.02471440636505184,-0.02621304991754233,-0.023262810979300053,0.034728527928849555
60,45,0.3679039300682478,0.3018065886852739,0.3666312432972517,0.13233724650941547,-0.014187969180622437,-0.0014849417395138601,-0.0015463327128939631,-0.0014672929416501557,0.0017326073992004845
163,119,0.6299126636480089,0.4378320934448339,0.48459086070593266,0.14514407681677827,-0.1189882524704632,-0.137653782532676,-0.1350144944125572,-0.1379343265763422,0.13039035941235183
177,256,0.4781659387830639,0.45058448451604266,0.3900106269278011,0.18569903945676042,-0.0620203008921601,-0.09461105619791085,-0.09664833080616031,-0.09407753743252001,0.10153957859886811
183,376,0.5840611352715507,0.4590860785635152,0.46546227409911956,0.16862326571361003,-0.0955309592227136,-0.11576638167166442,-0.11480767236460362,-0.11588649527589645,0.11300153347148843
197,605,0.5065502182542047,0.2571732199360432,0.11264612112901067,0.05016008537050425,-0.08116643179003233,-0.5005792098623948,-0.5279242416178384,-0.46584516427174827,0.6361435480207115
80,513,0.258733624410014,0.3390010626429661,0.438894792700768,0.23585912482726468,0.2717099582315687,0.215697920991899,0.22564550972386915,0.21695218488826506,0.2582443193592841
85,609,0.14301310041228624,0.17853347499692257,0.04675876726109877,0.02988260405051317,-0.02285231753151234,-0.22094945027578042,-0.2093147208686491,-0.15427890454962778,0.5071840157489388
195,430,0.5698689955359802,0.45802337930758114,0.4686503718669217,0.18996798289254802,-0.08498683188208792,-0.09932326310547145,-0.09868379390878573,-0.0993949291979479,0.09746340614896265
193,517,0.4923580785186343,0.4962805525212074,0.5037194473127458,0.18676627531570733,0.01010121261652258,0.011383651428806912,0.011391071977613465,0.011383814649406188,0.01140598604217459
179,1,0.5043668121410401,0.40170031874307577,0.40382571725494393,0.14941302025256586,-0.08083784794332514,-0.10549994117440213,-0.10709512719996717,-0.10512576546531527,0.11070337650792424
623,613,0.10917030565823377,0.30286928794120793,0.07863974493912065,0.1088580576125837,0.010310977350669891,-0.07044720287854393,-0.06658112926058314,-0.05055423819949556,0.16255217313899167
625,496,0.27838427942849614,0.5387885227585699,0.5154091391280206,0.4429028814629631,0.4474760009712163,0.2660341546573652,0.2748000746972796,0.2690807812135497,0.2985938956508418
48,559,0.2259825327125439,0.17853347499692257,0.17640807648505444,0.06830309497260154,-0.03836563122850086,-0.07814992980471999,-0.08240428314135498,-0.06969968010766325,0.12319675902743106
50,342,0.18013100433608573,0.1285866099680216,0.19128586606813133,0.09071504801048641,-0.0014706772613349063,0.018303219022687462,0.019201026529046372,0.016329254109924474,0.030032453911659967
43,233,0.1997816593545678,0.19978746011560383,0.12964930922395568,0.08644610457469881,-0.03640761587180739,-0.12218828181979773,-0.12683062635552025,-0.10296446494370015,0.2128828890912078
136,40,0.510917030480534,0.39638682246340545,0.41339001055835045,0.13660618994520307,-0.08166034413467639,-0.10144120177206122,-0.10270922635246568,-0.10117162188982753,0.10551250114235095
130,89,0.4858078601791403,0.37407013808879014,0.40807651427868014,0.16862326571361003,-0.07100557558232082,-0.08221537604657483,-0.08364838109642397,-0.0819061301746905,0.08695807843754233
130,216,0.49781659380154597,0.4091392135346142,0.44314558972450424,0.14621131267572515,-0.05472018810962006,-0.05635968265724725,-0.056910525083056974,-0.05628703979870919,0.05810053663739215
129,306,0.42685589512369404,0.3390010626429661,0.3358129648751639,0.13340448236836236,-0.0711213444405724,-0.10424984140179427,-0.10815450340724689,-0.10262679651184026,0.11937257219402181
562,606,0.10807860260165143,0.07757704568318659,0.04675876726109877,0.07363927426733603,-0.02386037758746021,-0.15582927065289187,-0.1404598260042007,-0.10253686117275529,0.3960017647757511
550,337,0.15502183403469194,0.09564293303406567,0.17959617425285662,0.15048025611151275,0.009016994707930761,0.04248158496074264,0.044165195738203725,0.03717708905883632,0.07343778533171011
546,225,0.23253275105203794,0.11902231666461505,0.12114771517648316,0.09391675558732711,-0.058249677407918914,-0.18729025939746585,-0.19571210817536688,-0.15897699551844446,0.3149223744035754
551,91,0.21179039297697352,0.252922422912307,0.18703506904439507,0.11846318034310578,-0.010224087280878407,-0.03919871361864828,-0.041312336594368455,-0.035133778176559716,0.062069025863365795
162,182,0.46179039293432883,0.4006376194871417,0.43145589790922956,0.14621131267572515,-0.03409987131151774,-0.032095814933187715,-0.03265853469370006,-0.032016485854311716,0.0339594278726711
3,213,0.20524017463747948,0.17109458020538412,0.4612114770753833,0.1099252934715306,0.44480282104968333,0.31354777183607685,0.329163821534846,0.3193509970231778,0.3840750912842145
19,431,0.1441048034688686,0.42295430386175703,0.16259298615791162,0.08537886871575191,0.07960760050351352,0.033383498325541015,0.03437710148913224,0.028516414745353602,0.06027947274338901
118,354,0.37117903923799483,0.2571732199360432,0.3868225291599989,0.09498399144627401,-0.010719619496175984,0.017967819828481023,0.018652623549143137,0.017818937061762186,0.020637518136838548
515,68,0.1943231440716561,0.1030818278256041,0.08501594047472504,0.045891141934716655,-0.0462385182857234,-0.20681172145416607,-0.2103817208690894,-0.16388862684794436,0.39129250627351536
540,149,0.13100436678988053,0.08820403824252722,0.04675876726109877,0.35538954102931736,-0.02710873807780348,-0.19980857551205375,-0.18644644077709815,-0.13693439074203717,0.4738938350576099
555,312,0.19213973795849143,0.33049946859549356,0.3857598299040648,0.254002134429362,0.3665235469929886,0.2546950256048832,0.26943830470331276,0.2554184104092305,0.3350352615943946
564,379,0.16266375543076833,0.4930924547534052,0.5090329435924161,0.22305229451990188,1.073870161302521,0.4226193987233955,0.44341625799175366,0.4385865517511818,0.5156554122495172
575,490,0.1703056768268447,0.3007438894293398,0.07120085014758222,0.200640341482017,-0.022238801563556843,-0.20166076852215778,-0.2004773305686255,-0.1530091229592011,0.410343904122503
584,597,0.12445414845038649,0.13708820401549413,0.0456960680051647,0.27214514403145923,-0.02220464393789285,-0.19092644117888513,-0.17628189521679183,-0.12906340777934122,0.46284657865920015
8,250,0.258733624410014,0.10839532410527442,0.2295430392817576,0.08537886871575191,-0.04739138571703475,-0.04177393329774381,-0.04430483510341836,-0.03897125189340456,0.05978165569946091
241,293,0.5567685588569923,0.4612114770753833,0.4952178532652733,0.18356456773886662,-0.060794564186577256,-0.06001028571849434,-0.059488547723146185,-0.060035636814352866,0.05850844503937909
239,69,0.4192139737276177,0.32306057380395514,0.34006376189890014,0.12806830307362788,-0.06696314674045349,-0.09083411659091972,-0.09427976181200176,-0.08945632149705685,0.10424273901556197
488,340,0.1877729257321621,0.2295430392817576,0.5164718383839546,0.3212379935430166,0.7462106210136379,0.39168179728056773,0.4094219950572619,0.40343256421519946,0.4667329731271376
608,501,0.20633187769406183,0.44314558972450424,0.18172157276472475,0.25613660614725575,0.02437242923297157,-0.03950624291119767,-0.04156850089230887,-0.03519189808544809,0.06341826570542006
599,368,0.2925764191640665,0.37194473957692203,0.4123273113024164,0.27854855918514065,0.15737706156759568,0.14262995894549726,0.1490781684049204,0.14236669481724873,0.16988020441445484
605,267,0.2401746724481143,0.1827842720206588,0.2518597236563729,0.042689434357875956,-0.002233569599692606,0.01665822616320744,0.017668148866845097,0.015705577342752686,0.023747976915064268
608,101,0.28930130999431947,0.24867162588857072,0.2231668437461532,0.13340448236836236,-0.04707958324717686,-0.09238260022040595,-0.09797910273934482,-0.08630163635531807,0.12904836339637185
239,630,0.5993449780637033,0.5451647182941742,0.5589798086213171,0.17716115258518522,-0.04022287854099506,-0.03750504028302455,-0.03651116906182625,-0.037454664587691866,0.034847578051270714
219,246,0.5665938863662333,0.473963868146592,0.4325185971651636,0.16862326571361003,-0.0960192595782939,-0.13413414916137778,-0.13415376513385352,-0.13413106459194557,0.13419304016302958
208,135,0.5698689955359802,0.4272051008854933,0.44527098823637234,0.18143009602097282,-0.1001769077536639,-0.12366476110610018,-0.12335214495707483,-0.12371602518263236,0.12273851564462697
467,44,0.060043668112028575,0.24867162588857072,0.09883103080186785,0.17929562430307902,0.11315170474343164,0.09730814837048463,0.08830231251025501,0.06871417522902412,0.24412271002565542
450,341,0.11135371177139844,0.2667375132394498,0.134962805503626,0.3948772678103526,0.06055193199740648,0.047568984096705944,0.04745061524342762,0.038339338540065326,0.09584474114329762
590,582,0.24126637550469662,0.4495217852601086,0.12539851220021941,0.4514407683345383,-0.026528671796211666,-0.191347317048591,-0.20053861310552823,-0.16381565640807316,0.31599615200998005
592,175,0.19323144101507378,0.18172157276472475,0.07545164717131847,0.0981856990231147,-0.03768876442008179,-0.227217886390279,-0.2298312309485379,-0.17734591202727734,0.43834320444588787
138,621,0.1888646287887444,0.09032943675439535,0.07332624865945034,0.027748132332619375,-0.043534909688813045,-0.22563643774593245,-0.22737783129010006,-0.17485806398043868,0.44064836548055425
552,536,0.30786026195621924,0.5611052071331852,0.27948990431065857,0.27427961574935306,0.02537594726634279,-0.03701795909115824,-0.03913655165538986,-0.035583842105718966,0.0483014579068688
638,145,0.13537117901620987,0.09564293303406567,0.07651434642725252,0.040554962639982164,-0.031102327719037766,-0.12786037481222218,-0.1240143274970407,-0.0943674995547269,0.2777634379370794
1,454,0.15720524014785664,0.29117959612593325,0.23591923481736196,0.2241195303788488,0.13470413527584105,0.12553979501467155,0.13219845659360335,0.11612158693876906,0.20022156786623804
211,542,0.5425764191214218,0.43358129642109766,0.45696068005164703,0.17395944500834454,-0.07604267740437007,-0.08563514796057468,-0.08564161159505383,-0.08563476006598214,0.08565454618677253
213,197,0.5589519649701569,0.4495217852601086,0.45696068005164703,0.17609391672623834,-0.08459585926274485,-0.10118887968853485,-0.10092001957906505,-0.10122471730976534,0.10039277656832815
202,72,0.5545851527438276,0.4548352815397789,0.4686503718669217,0.17182497329045074,-0.07495243623471778,-0.08495306954737794,-0.08462337617343485,-0.0849876680075119,0.08398256625097819
449,74,0.1069868995450691,0.09670563228999972,0.07757704568318659,0.04162219849892906,-0.0185495271382685,-0.06845539634981448,-0.06444122424658616,-0.04885328146813739,0.1593391464576069
445,303,0.13427947595962753,0.08926673749846128,0.11902231666461505,0.17395944500834454,-0.018797137967692154,-0.030314186372935842,-0.03038016409589105,-0.024175120575424813,0.06023074103800708
452,562,0.24454148467444364,0.4718384696347239,0.5292242294551633,0.2145144076483267,0.5912334703457651,0.32363360787800716,0.33524279957107606,0.3292692274366442,0.36791379839451255
455,416,0.2259825327125439,0.1264612114561535,0.19128586606813133,0.14834578439361895,-0.04034199777934624,-0.053712433065215455,-0.056738502552039494,-0.048490779714723486,0.08314992764294206
467,635,0.5676855894228157,0.5260361316873612,0.6737513282621959,0.22091782280200808,0.09081852621448865,0.09519433039934118,0.09136001784242162,0.09413996983732398,0.08543719843351492
582,305,0.6168122269690208,0.4612114770753833,0.6939426141249431,0.1099252934715306,0.03440804197285655,0.06736946130729181,0.06389320549655268,0.06645061405660058,0.05884379768576844
85,7,0.45305676848167015,0.3804463336243945,0.41339001055835045,0.14621131267572515,-0.04220473554105579,-0.042614108099620435,-0.04354338763907265,-0.04244201190276753,0.04578043845412963
80,173,0.3406113536536894,0.3166843782683507,0.33687566413109793,0.13233724650941547,-0.007688466289285377,-0.004538551718442845,-0.004758854492736486,-0.004452012649633685,0.00551395979948651
55,323,0.23689956327836728,0.6546227416553827,0.1264612114561535,0.08431163285680501,-0.002565450294062902,-0.18320822434375625,-0.19187300499706975,-0.15669290754719656,0.3039274843548743
181,171,0.5152838427068634,0.43995749195670203,0.4633368755872514,0.15474919954730035,-0.050913551861437034,-0.05251102963417235,-0.052697679438023615,-0.05249372591888113,0.053081246698902955
623,2,0.13209606984646285,0.15302869285450504,0.09564293303406567,0.0981856990231147,-0.018082259388290726,-0.07638474661177883,-0.07513538664496626,-0.05834236836449824,0.16005837262202277
625,76,0.1877729257321621,0.09883103080186785,0.09032943675439535,0.06616862325470774,-0.04605544870441095,-0.18477477580116056,-0.18784592408490042,-0.1468108659305447,0.3503745334321057
624,252,0.14301310041228624,0.06907545163571409,0.055260361308571274,0.03628601920419457,-0.0328377915739829,-0.1970686123410405,-0.18850384324390407,-0.14031102845028998,0.44256208927428947
55,548,0.13646288207279222,0.0828905419628569,0.08501594047472504,0.07577374598522983,-0.032313736510146344,-0.10931598737043124,-0.10695996194246553,-0.08217034536917733,0.23227783917349698
41,454,0.19541484712823845,0.9999999998339532,0.30499468645307604,0.254002134429362,0.38795399275362213,0.1549043174289731,0.16430082549002772,0.15012311254270194,0.2189759489491911
41,373,0.2980349344469782,0.4548352815397789,0.31030818273274635,0.1120597651894244,0.042872996707878426,0.015735544677521553,0.01661011965447041,0.015290668994746515,0.02017455244050736
55,170,0.27838427942849614,0.1774707757409885,0.21041445267494446,0.09071504801048641,-0.05635244122134544,-0.09721798176362413,-0.1031086367313671,-0.0899781523355303,0.1390519618919501
138,8,0.46069868987774654,0.40170031874307577,0.4208289053498889,0.13660618994520307,-0.03991314095178968,-0.042464251756104555,-0.04328849091589329,-0.04232499889568819,0.045227549213968626
142,90,0.47379912655673456,0.35919234850571324,0.3921360254396692,0.14834578439361895,-0.07303938311380885,-0.08775677725966605,-0.08967757439477864,-0.08726832906956139,0.09430516077315336
137,208,0.5032751090844577,0.3953241232074714,0.4378320934448339,0.16328708641887554,-0.06432799364923353,-0.06745923559223203,-0.06811695596157087,-0.06736194483936964,0.06953757974491388
138,300,0.5021834060278754,0.38894792767186703,0.36238044627351546,0.15261472782940655,-0.0970469612865636,-0.1503540881045269,-0.1536775772869844,-0.14920538793552818,0.16170155637511738
132,541,0.30021834056014285,0.14665249731890068,0.18597236978846102,0.13447171822730927,-0.07563935059267873,-0.16384497948056342,-0.17376683096961493,-0.15011976399849503,0.23497699499952568
547,566,0.08733624452658702,0.1668437831816479,0.05207226354076908,0.08537886871575191,-0.00733852483535962,-0.09444328830513002,-0.08272511195687687,-0.06055465390111092,0.2529361469042178
543,380,0.6506550217230733,0.4410201912126361,0.7481402761775803,0.23906083240410536,0.04146351079073188,0.08242524361071246,0.07701045563038991,0.08071419271212421,0.06969178602230336
546,253,0.33624454142736,0.4463336874923064,0.3294367693395595,0.07257203840838913,0.016235605401070666,-0.008343892276794468,-0.008760175969016935,-0.00816749448970655,0.010226622564749703
542,149,0.19541484712823845,0.06907545163571409,0.0456960680051647,0.2166488793662205,-0.03391529071636399,-0.30490099073357035,-0.3030250026658848,-0.22710516845671458,0.620928225701868
132,24,0.3908296942564769,0.3783209351125264,0.3804463336243945,0.13020277479152167,-0.010520999107082304,-0.011823042672117118,-0.012251379027980881,-0.011715323031731839,0.013462370345549876
134,327,0.5032751090844577,0.37194473957692203,0.35919234850571324,0.13874066166309687,-0.101010959247268,-0.15514512712385914,-0.15862584654834228,-0.15391031340358152,0.16705684518089753
34,400,0.32532751086153666,0.3411264611548342,0.37407013808879014,0.08431163285680501,0.048468160867178624,0.05828324036625849,0.06095836656138042,0.057667442120620804,0.06969128780225443
29,625,0.2925764191640665,0.21360255044274665,0.5483528160619765,0.06189967981892014,0.3538901720940603,0.2789190406767044,0.2861163190944565,0.28187331314163555,0.3041556204149532
39,522,0.17139737988342701,0.10201912856967003,0.21785334746648288,0.05122732122945115,0.029599754463070813,0.0744597075393539,0.07836168518637371,0.0679291438485764,0.11934412156950504
244,62,0.4050218339920473,0.29649309240560356,0.40382571725494393,0.13660618994520307,-0.022595160059846367,-0.0013299562502847246,-0.0013707941847734566,-0.0013224250706864726,0.0014787723921119592
617,97,0.34279475976685403,0.404888416510878,0.2210414452342851,0.127001067214681,-0.05479785779877457,-0.16214382886540982,-0.17166950907881828,-0.15269042292848933,0.21593353212586522
601,22,0.26746724886267276,0.09670563228999972,0.09883103080186785,0.13127001065046856,-0.06246700449375854,-0.2786297715043713,-0.29199114494741696,-0.23535783877061245,0.46036695889691565
126,560,0.5469432313477512,0.997874601322085,0.2826780020784607,0.15581643540624726,-0.06265234004754663,-0.29013324025525666,-0.2981261588495939,-0.28555199655843166,0.3185333695173135
56,610,0.1997816593545678,0.2848034005903289,0.4612114770753833,0.17289220914939762,0.5220545559690578,0.32155359557006336,0.33776371914305514,0.32791228407443307,0.3955046758416917
46,489,0.08296943230025766,0.14558979806296662,0.11052072261714255,0.08217716113891121,0.046037430221853325,0.06263271292801502,0.05959180978889372,0.046931350201834254,0.1423837979742214
129,226,0.46615720516065823,0.37619553660065824,0.4240170031176911,0.13660618994520307,-0.04702943167801227,-0.0446638856730574,-0.04546899489400186,-0.044532320827573635,0.047338725351677
526,385,0.5327510916121808,0.6663124334706574,0.6014877788586795,0.2091782283535922,0.0922411960312797,0.06454079817734205,0.06309015257174794,0.06427903458169659,0.06060105157609941
537,511,0.30786026195621924,0.4346439956770317,0.16471838466977975,0.5048025612818832,-0.04770111924591545,-0.20822124189739744,-0.2207642457619553,-0.18858944990841375,0.30288892320984545
55,548,0.13646288207279222,0.0828905419628569,0.08501594047472504,0.07577374598522983,-0.032313736510146344,-0.10931598737043124,-0.10695996194246553,-0.08217034536917733,0.23227783917349698
41,454,0.19541484712823845,0.9999999998339532,0.30499468645307604,0.254002134429362,0.38795399275362213,0.1549043174289731,0.16430082549002772,0.15012311254270194,0.2189759489491911
41,373,0.2980349344469782,0.4548352815397789,0.31030818273274635,0.1120597651894244,0.042872996707878426,0.015735544677521553,0.01661011965447041,0.015290668994746515,0.02017455244050736
55,170,0.27838427942849614,0.1774707757409885,0.21041445267494446,0.09071504801048641,-0.05635244122134544,-0.09721798176362413,-0.1031086367313671,-0.0899781523355303,0.1390519618919501
138,8,0.46069868987774654,0.40170031874307577,0.4208289053498889,0.13660618994520307,-0.03991314095178968,-0.042464251756104555,-0.04328849091589329,-0.04232499889568819,0.045227549213968626
142,90,0.47379912655673456,0.35919234850571324,0.3921360254396692,0.14834578439361895,-0.07303938311380885,-0.08775677725966605,-0.08967757439477864,-0.08726832906956139,0.09430516077315336
137,208,0.5032751090844577,0.3953241232074714,0.4378320934448339,0.16328708641887554,-0.06432799364923353,-0.06745923559223203,-0.06811695596157087,-0.06736194483936964,0.06953757974491388
138,300,0.5021834060278754,0.38894792767186703,0.36238044627351546,0.15261472782940655,-0.0970469612865636,-0.1503540881045269,-0.1536775772869844,-0.14920538793552818,0.16170155637511738
132,541,0.30021834056014285,0.14665249731890068,0.18597236978846102,0.13447171822730927,-0.07563935059267873,-0.16384497948056342,-0.17376683096961493,-0.15011976399849503,0.23497699499952568
547,566,0.08733624452658702,0.1668437831816479,0.05207226354076908,0.08537886871575191,-0.00733852483535962,-0.09444328830513002,-0.08272511195687687,-0.06055465390111092,0.2529361469042178
543,380,0.6506550217230733,0.4410201912126361,0.7481402761775803,0.23906083240410536,0.04146351079073188,0.08242524361071246,0.07701045563038991,0.08071419271212421,0.06969178602230336
546,253,0.33624454142736,0.4463336874923064,0.3294367693395595,0.07257203840838913,0.016235605401070666,-0.008343892276794468,-0.008760175969016935,-0.00816749448970655,0.010226622564749703
542,149,0.19541484712823845,0.06907545163571409,0.0456960680051647,0.2166488793662205,-0.03391529071636399,-0.30490099073357035,-0.3030250026658848,-0.22710516845671458,0.620928225701868
56,610,0.1997816593545678,0.2848034005903289,0.4612114770753833,0.17289220914939762,0.5220545559690578,0.32155359557006336,0.33776371914305514,0.32791228407443307,0.3955046758416917
46,489,0.08296943230025766,0.14558979806296662,0.11052072261714255,0.08217716113891121,0.046037430221853325,0.06263271292801502,0.05959180978889372,0.046931350201834254,0.1423837979742214
129,226,0.46615720516065823,0.37619553660065824,0.4240170031176911,0.13660618994520307,-0.04702943167801227,-0.0446638856730574,-0.04546899489400186,-0.044532320827573635,0.047338725351677
526,385,0.5327510916121808,0.6663124334706574,0.6014877788586795,0.2091782283535922,0.0922411960312797,0.06454079817734205,0.06309015257174794,0.06427903458169659,0.06060105157609941
537,511,0.30786026195621924,0.4346439956770317,0.16471838466977975,0.5048025612818832,-0.04770111924591545,-0.20822124189739744,-0.2207642457619553,-0.18858944990841375,0.30288892320984545
19,145,0.16157205237418598,0.1232731136883513,0.18490967053252694,0.05549626466523875,0.012599864516463541,0.039646976609377084,0.04135471688730871,0.03496657931088254,0.06735403702421482
23,358,0.15393013097810962,0.09883103080186785,0.10626992559340628,0.09391675558732711,-0.033928465693072916,-0.09343161176397768,-0.0940401963341056,-0.07408558898663153,0.18316049343756644
134,516,0.21834061131646754,0.2635494154716476,0.15090329434263694,0.05763073638313254,-0.031036221784649338,-0.11097819470619942,-0.11637101284197238,-0.09645853883698363,0.18263125297083085
146,346,0.5382096068950925,0.40807651427868014,0.41657810832615266,0.13980789752204376,-0.0954579427092521,-0.12447736447696545,-0.12541073631654123,-0.12427655657893588,0.12738981161594734
136,274,0.4836244540659756,0.3390010626429661,0.4155154090702186,0.15795090712414106,-0.07166349230788456,-0.07182715826864632,-0.0730183053406043,-0.07159478399837771,0.07574825612615588
135,191,0.5360262007819279,0.4240170031176911,0.43145589790922956,0.16008537884203486,-0.08536620078699599,-0.10631254533109145,-0.10688671199404902,-0.10621005330395006,0.10808384964165607
132,632,0.18122270739266805,0.19659936234780165,0.3857598299040648,0.07897545356207053,0.35483718829293487,0.27163359646583085,0.28754249251689334,0.2729823583045322,0.3607404342419746
244,596,0.5120087335371164,0.4463336874923064,0.539851222014504,0.18569903945676042,0.009635789198097206,0.027147355930608512,0.026911908328503847,0.02712938359371697,0.026469546933456194
601,631,0.33078602614444835,0.31030818273274635,0.2720510095191201,0.2038420490588577,-0.04201180676954107,-0.0756473132431181,-0.07988643703578475,-0.07265769041617653,0.09742938168944532
599,541,0.15174672486494495,0.29861849091747167,0.1604675876460435,0.19210245461044181,0.03843761481330908,0.015607260897382945,0.0161055412144003,0.013338786748776976,0.027931440215090586
162,182,0.46179039293432883,0.4006376194871417,0.43145589790922956,0.14621131267572515,-0.03409987131151774,-0.032095814933187715,-0.03265853469370006,-0.032016485854311716,0.0339594278726711
80,513,0.258733624410014,0.3390010626429661,0.438894792700768,0.23585912482726468,0.2717099582315687,0.215697920991899,0.22564550972386915,0.21695218488826506,0.2582443193592841
85,609,0.14301310041228624,0.17853347499692257,0.04675876726109877,0.02988260405051317,-0.02285231753151234,-0.22094945027578042,-0.2093147208686491,-0.15427890454962778,0.5071840157489388
195,430,0.5698689955359802,0.45802337930758114,0.4686503718669217,0.18996798289254802,-0.08498683188208792,-0.09932326310547145,-0.09868379390878573,-0.0993949291979479,0.09746340614896265
193,517,0.4923580785186343,0.4962805525212074,0.5037194473127458,0.18676627531570733,0.01010121261652258,0.011383651428806912,0.011391071977613465,0.011383814649406188,0.01140598604217459
179,1,0.5043668121410401,0.40170031874307577,0.40382571725494393,0.14941302025256586,-0.08083784794332514,-0.10549994117440213,-0.10709512719996717,-0.10512576546531527,0.11070337650792424
623,613,0.10917030565823377,0.30286928794120793,0.07863974493912065,0.1088580576125837,0.010310977350669891,-0.07044720287854393,-0.06658112926058314,-0.05055423819949556,0.16255217313899167
625,496,0.27838427942849614,0.5387885227585699,0.5154091391280206,0.4429028814629631,0.4474760009712163,0.2660341546573652,0.2748000746972796,0.2690807812135497,0.2985938956508418
48,559,0.2259825327125439,0.17853347499692257,0.17640807648505444,0.06830309497260154,-0.03836563122850086,-0.07814992980471999,-0.08240428314135498,-0.06969968010766325,0.12319675902743106
50,342,0.18013100433608573,0.1285866099680216,0.19128586606813133,0.09071504801048641,-0.0014706772613349063,0.018303219022687462,0.019201026529046372,0.016329254109924474,0.030032453911659967
43,233,0.1997816593545678,0.19978746011560383,0.12964930922395568,0.08644610457469881,-0.03640761587180739,-0.12218828181979773,-0.12683062635552025,-0.10296446494370015,0.2128828890912078
136,40,0.510917030480534,0.39638682246340545,0.41339001055835045,0.13660618994520307,-0.08166034413467639,-0.10144120177206122,-0.10270922635246568,-0.10117162188982753,0.10551250114235095
130,89,0.4858078601791403,0.37407013808879014,0.40807651427868014,0.16862326571361003,-0.07100557558232082,-0.08221537604657483,-0.08364838109642397,-0.0819061301746905,0.08695807843754233
130,216,0.49781659380154597,0.4091392135346142,0.44314558972450424,0.14621131267572515,-0.05472018810962006,-0.05635968265724725,-0.056910525083056974,-0.05628703979870919,0.05810053663739215
129,306,0.42685589512369404,0.3390010626429661,0.3358129648751639,0.13340448236836236,-0.0711213444405724,-0.10424984140179427,-0.10815450340724689,-0.10262679651184026,0.11937257219402181
562,606,0.10807860260165143,0.07757704568318659,0.04675876726109877,0.07363927426733603,-0.02386037758746021,-0.15582927065289187,-0.1404598260042007,-0.10253686117275529,0.3960017647757511
550,337,0.15502183403469194,0.09564293303406567,0.17959617425285662,0.15048025611151275,0.009016994707930761,0.04248158496074264,0.044165195738203725,0.03717708905883632,0.07343778533171011
546,225,0.23253275105203794,0.11902231666461505,0.12114771517648316,0.09391675558732711,-0.058249677407918914,-0.18729025939746585,-0.19571210817536688,-0.15897699551844446,0.3149223744035754
551,91,0.21179039297697352,0.252922422912307,0.18703506904439507,0.11846318034310578,-0.010224087280878407,-0.03919871361864828,-0.041312336594368455,-0.035133778176559716,0.062069025863365795
46,87,0.33951965059710704,0.21572794895461478,0.303931987197142,0.0992529348820616,-0.04764778414964841,-0.044364767278934715,-0.04668412229836914,-0.043111091626367615,0.055306589702561436
56,300,0.21615720520330287,0.08926673749846128,0.12433581294428536,0.1099252934715306,-0.05684837946110968,-0.15735602070067364,-0.16386863257055712,-0.132921067370268,0.26966394158415874
179,616,0.1506550218083626,0.12433581294428536,0.07120085014758222,0.08751334043364571,-0.03252615237318808,-0.16868304977037424,-0.16510166080903796,-0.12534688633297852,0.358118041551583
177,507,0.47052401738698757,0.3315621678514276,0.4123273113024164,0.200640341482017,-0.0651524056880523,-0.06193726960746486,-0.06312638625434777,-0.061702723793364944,0.06591827001233454
183,431,0.5524017466306629,0.5015940488008777,0.5079702443364821,0.17075773743150383,-0.04202959240527927,-0.04314786331588708,-0.042712087289477015,-0.04315624991461564,0.04190136025833947
180,37,0.5054585151976223,0.43039319865329545,0.41657810832615266,0.15795090712414106,-0.07097301540791358,-0.09256134362601316,-0.09375264152078407,-0.09232043318897842,0.09639471055345548
606,26,0.12663755456355116,0.32306057380395514,0.2635494154716476,0.06189967981892014,0.3096772886382513,0.2191791081640581,0.23069928514776206,0.20750627639876773,0.35087886674290797
615,255,0.16048034931760363,0.07863974493912065,0.08182784270692284,0.08858057629259261,-0.040426979016663256,-0.15977894970598733,-0.15893287128043304,-0.1223231751218039,0.3245835795650203
615,381,0.3417030567102717,0.19872476085966975,0.13283740699175786,0.2198505869430612,-0.07607174830784506,-0.3031976511342592,-0.3214800004358347,-0.27171469348221233,0.440133704967178
621,506,0.15502183403469194,0.4155154090702186,0.2837407013343948,0.19530416218728253,0.28381753369340657,0.19432223132386792,0.2056710145123955,0.1864034847050875,0.2933612624422194
616,598,0.1441048034688686,0.10414452708153817,0.06057385758824158,0.200640341482017,-0.031446754271888366,-0.18462925039103703,-0.1778039391851875,-0.13318758918302842,0.40808779372470577
6,2,0.12336244539380416,0.10201912856967003,0.1827842720206588,0.04909284951155735,0.06410553409321262,0.10739254383333552,0.11056503480083979,0.09341961175400892,0.1940895878572677
4,76,0.16703056765709767,0.13602550475956005,0.09351753452219753,0.06510138739576084,-0.03639660659694843,-0.14401644019921614,-0.1449850518221714,-0.11308641446050938,0.28213682202707885
7,252,0.2751091702587491,0.09245483526626347,0.32731137082769135,0.1067235858946899,0.006223228015331655,0.06725665496103495,0.07102786754419181,0.06570798722649951,0.08665263295325784
102,573,0.1331877729030452,0.1668437831816479,0.23910733258516415,0.17822838844413214,0.16419488892548828,0.17359078408703635,0.1821373457439487,0.16079899164665,0.28449666700762694
108,231,0.41266375538812367,0.3496280552023067,0.3528161529701089,0.13553895408625616,-0.05171194147161842,-0.06840328388853475,-0.07093805203795463,-0.06750475618383989,0.07818207864591765
114,100,0.4858078601791403,0.40382571725494393,0.4155154090702186,0.15048025611151275,-0.06212007798497759,-0.0740399172898686,-0.07524167388655842,-0.07380423001986713,0.07798717921075067
108,13,0.43886462874609977,0.37619553660065824,0.38257173213626267,0.13447171822730927,-0.05018275563571923,-0.06211034705531053,-0.06389917951355445,-0.06163091878103655,0.06852899377478233
195,53,0.5524017466306629,0.40595111576681203,0.44314558972450424,0.16221985055992866,-0.09361293667547992,-0.1094996265859391,-0.10958067497239922,-0.10948722260588606,0.10974367736219574
193,516,0.5709606985925626,0.3953241232074714,0.4516471837719767,0.16328708641887554,-0.10328943894308976,-0.11798666235066066,-0.11754115051270021,-0.11805341776388034,0.11667457184222067
138,621,0.1888646287887444,0.09032943675439535,0.07332624865945034,0.027748132332619375,-0.043534909688813045,-0.22563643774593245,-0.22737783129010006,-0.17485806398043868,0.44064836548055425
552,536,0.30786026195621924,0.5611052071331852,0.27948990431065857,0.27427961574935306,0.02537594726634279,-0.03701795909115824,-0.03913655165538986,-0.035583842105718966,0.0483014579068688
638,145,0.13537117901620987,0.09564293303406567,0.07651434642725252,0.040554962639982164,-0.031102327719037766,-0.12786037481222218,-0.1240143274970407,-0.0943674995547269,0.2777634379370794
618,250,0.12554585150696884,0.0828905419628569,0.0658873538679119,0.03628601920419457,-0.029522170827112847,-0.1363491061186446,-0.12942167383826775,-0.0970949063952623,0.31162502942218545
6,613,0.17576419210975638,0.23591923481736196,0.12964930922395568,0.13660618994520307,-0.01833714904806312,-0.08344298650033384,-0.08588316162168004,-0.0694129240930138,0.15098667651820208
4,496,0.32096069863520726,0.07226354940351627,0.1827842720206588,0.34578441829879525,-0.09127552127227406,-0.19468132286126547,-0.20648928048340226,-0.17892752081642438,0.27429293467950383
108,619,0.1768558951663387,0.3528161529701089,0.473963868146592,0.23585912482726468,0.7312575077314944,0.36828207932319673,0.38725270711568516,0.3786574946917316,0.45650640858069963
88,419,0.32860262003128365,0.31349628050054856,0.3007438894293398,0.05763073638313254,-0.02316192801031303,-0.03511664531753154,-0.037001692175829895,-0.03406641567386648,0.04426542758779934
104,109,0.47598253266989926,0.4006376194871417,0.4527098830279108,0.15688367126519415,-0.03203934573981764,-0.024149480315608454,-0.02443405538116139,-0.024122471016716718,0.025059332085076096
210,258,0.5043668121410401,0.43995749195670203,0.4643995748431855,0.18569903945676042,-0.04130036551098753,-0.040606202226595146,-0.04081687226905421,-0.04058849357091798,0.04125538076991081
195,638,0.4017467248223003,0.27630180654285635,0.17534537722912039,0.17716115258518522,-0.08999969020665471,-0.29802498104952957,-0.3152923129658911,-0.27801398158427204,0.3923072530543302
239,630,0.5993449780637033,0.5451647182941742,0.5589798086213171,0.17716115258518522,-0.04022287854099506,-0.03750504028302455,-0.03651116906182625,-0.037454664587691866,0.034847578051270714
219,246,0.5665938863662333,0.473963868146592,0.4325185971651636,0.16862326571361003,-0.0960192595782939,-0.13413414916137778,-0.13415376513385352,-0.13413106459194557,0.13419304016302958
208,135,0.5698689955359802,0.4272051008854933,0.44527098823637234,0.18143009602097282,-0.1001769077536639,-0.12366476110610018,-0.12335214495707483,-0.12371602518263236,0.12273851564462697
467,44,0.060043668112028575,0.24867162588857072,0.09883103080186785,0.17929562430307902,0.11315170474343164,0.09730814837048463,0.08830231251025501,0.06871417522902412,0.24412271002565542
450,341,0.11135371177139844,0.2667375132394498,0.134962805503626,0.3948772678103526,0.06055193199740648,0.047568984096705944,0.04745061524342762,0.038339338540065326,0.09584474114329762
590,582,0.24126637550469662,0.4495217852601086,0.12539851220021941,0.4514407683345383,-0.026528671796211666,-0.191347317048591,-0.20053861310552823,-0.16381565640807316,0.31599615200998005
592,175,0.19323144101507378,0.18172157276472475,0.07545164717131847,0.0981856990231147,-0.03768876442008179,-0.227217886390279,-0.2298312309485379,-0.17734591202727734,0.43834320444588787
80,513,0.258733624410014,0.3390010626429661,0.438894792700768,0.23585912482726468,0.2717099582315687,0.215697920991899,0.22564550972386915,0.21695218488826506,0.2582443193592841
85,609,0.14301310041228624,0.17853347499692257,0.04675876726109877,0.02988260405051317,-0.02285231753151234,-0.22094945027578042,-0.2093147208686491,-0.15427890454962778,0.5071840157489388
195,430,0.5698689955359802,0.45802337930758114,0.4686503718669217,0.18996798289254802,-0.08498683188208792,-0.09932326310547145,-0.09868379390878573,-0.0993949291979479,0.09746340614896265
193,517,0.4923580785186343,0.4962805525212074,0.5037194473127458,0.18676627531570733,0.01010121261652258,0.011383651428806912,0.011391071977613465,0.011383814649406188,0.01140598604217459
179,1,0.5043668121410401,0.40170031874307577,0.40382571725494393,0.14941302025256586,-0.08083784794332514,-0.10549994117440213,-0.10709512719996717,-0.10512576546531527,0.11070337650792424
623,613,0.10917030565823377,0.30286928794120793,0.07863974493912065,0.1088580576125837,0.010310977350669891,-0.07044720287854393,-0.06658112926058314,-0.05055423819949556,0.16255217313899167
625,496,0.27838427942849614,0.5387885227585699,0.5154091391280206,0.4429028814629631,0.4474760009712163,0.2660341546573652,0.2748000746972796,0.2690807812135497,0.2985938956508418
618,250,0.12554585150696884,0.0828905419628569,0.0658873538679119,0.03628601920419457,-0.029522170827112847,-0.1363491061186446,-0.12942167383826775,-0.0970949063952623,0.31162502942218545
56,610,0.1997816593545678,0.2848034005903289,0.4612114770753833,0.17289220914939762,0.5220545559690578,0.32155359557006336,0.33776371914305514,0.32791228407443307,0.3955046758416917
46,489,0.08296943230025766,0.14558979806296662,0.11052072261714255,0.08217716113891121,0.046037430221853325,0.06263271292801502,0.05959180978889372,0.046931350201834254,0.1423837979742214
129,226,0.46615720516065823,0.37619553660065824,0.4240170031176911,0.13660618994520307,-0.04702943167801227,-0.0446638856730574,-0.04546899489400186,-0.044532320827573635,0.047338725351677
526,385,0.5327510916121808,0.6663124334706574,0.6014877788586795,0.2091782283535922,0.0922411960312797,0.06454079817734205,0.06309015257174794,0.06427903458169659,0.06060105157609941
537,511,0.30786026195621924,0.4346439956770317,0.16471838466977975,0.5048025612818832,-0.04770111924591545,-0.20822124189739744,-0.2207642457619553,-0.18858944990841375,0.30288892320984545
73,481,0.20742358075064415,0.26461211472758167,0.19659936234780165,0.22305229451990188,0.0026332187501506192,-0.017028961497135075,-0.017959885102518905,-0.01536911191822532,0.026790435961201856
53,259,0.24344978161786132,0.18384697127659289,0.12221041443241723,0.1003201707410085,-0.05467099013907764,-0.2004928414917768,-0.21007890556847714,-0.171278418846726,0.3315538626600397
52,191,0.2532751091271023,0.2061636556512082,0.2773645057987904,0.1291355389325748,0.010785579440430387,0.03306907102636286,0.035059533707069365,0.0316321261683008,0.04539605138089754
145,67,0.507641921310787,0.36450584478538356,0.42295430386175703,0.13874066166309687,-0.0802975320520886,-0.08778836317471961,-0.0887955243894747,-0.08759994508019875,0.09100263618660681
145,359,0.5262008732726867,0.40382571725494393,0.4612114770753833,0.13127001065046856,-0.0670211474229463,-0.06540202170448221,-0.06553896932448197,-0.06538792863741327,0.06581724515159128
160,556,0.5207423579897751,0.354941551481977,0.2720510095191201,0.08858057629259261,-0.1212604039901123,-0.2793044982472678,-0.288548921911343,-0.2736284171526444,0.31368603158748604
19,145,0.16157205237418598,0.1232731136883513,0.18490967053252694,0.05549626466523875,0.012599864516463541,0.039646976609377084,0.04135471688730871,0.03496657931088254,0.06735403702421482
23,358,0.15393013097810962,0.09883103080186785,0.10626992559340628,0.09391675558732711,-0.033928465693072916,-0.09343161176397768,-0.0940401963341056,-0.07408558898663153,0.18316049343756644
134,516,0.21834061131646754,0.2635494154716476,0.15090329434263694,0.05763073638313254,-0.031036221784649338,-0.11097819470619942,-0.11637101284197238,-0.09645853883698363,0.18263125297083085
146,346,0.5382096068950925,0.40807651427868014,0.41657810832615266,0.13980789752204376,-0.0954579427092521,-0.12447736447696545,-0.12541073631654123,-0.12427655657893588,0.12738981161594734
136,274,0.4836244540659756,0.3390010626429661,0.4155154090702186,0.15795090712414106,-0.07166349230788456,-0.07182715826864632,-0.0730183053406043,-0.07159478399837771,0.07574825612615588
135,191,0.5360262007819279,0.4240170031176911,0.43145589790922956,0.16008537884203486,-0.08536620078699599,-0.10631254533109145,-0.10688671199404902,-0.10621005330395006,0.10808384964165607
132,632,0.18122270739266805,0.19659936234780165,0.3857598299040648,0.07897545356207053,0.35483718829293487,0.27163359646583085,0.28754249251689334,0.2729823583045322,0.3607404342419746
244,596,0.5120087335371164,0.4463336874923064,0.539851222014504,0.18569903945676042,0.009635789198097206,0.027147355930608512,0.026911908328503847,0.02712938359371697,0.026469546933456194
601,631,0.33078602614444835,0.31030818273274635,0.2720510095191201,0.2038420490588577,-0.04201180676954107,-0.0756473132431181,-0.07988643703578475,-0.07265769041617653,0.09742938168944532
599,541,0.15174672486494495,0.29861849091747167,0.1604675876460435,0.19210245461044181,0.03843761481330908,0.015607260897382945,0.0161055412144003,0.013338786748776976,0.027931440215090586
85,7,0.45305676848167015,0.3804463336243945,0.41339001055835045,0.14621131267572515,-0.04220473554105579,-0.042614108099620435,-0.04354338763907265,-0.04244201190276753,0.04578043845412963
80,173,0.3406113536536894,0.3166843782683507,0.33687566413109793,0.13233724650941547,-0.007688466289285377,-0.004538551718442845,-0.004758854492736486,-0.004452012649633685,0.00551395979948651
55,323,0.23689956327836728,0.6546227416553827,0.1264612114561535,0.08431163285680501,-0.002565450294062902,-0.18320822434375625,-0.19187300499706975,-0.15669290754719656,0.3039274843548743
181,171,0.5152838427068634,0.43995749195670203,0.4633368755872514,0.15474919954730035,-0.050913551861437034,-0.05251102963417235,-0.052697679438023615,-0.05249372591888113,0.053081246698902955
623,2,0.13209606984646285,0.15302869285450504,0.09564293303406567,0.0981856990231147,-0.018082259388290726,-0.07638474661177883,-0.07513538664496626,-0.05834236836449824,0.16005837262202277
625,76,0.1877729257321621,0.09883103080186785,0.09032943675439535,0.06616862325470774,-0.04605544870441095,-0.18477477580116056,-0.18784592408490042,-0.1468108659305447,0.3503745334321057
624,252,0.14301310041228624,0.06907545163571409,0.055260361308571274,0.03628601920419457,-0.0328377915739829,-0.1970686123410405,-0.18850384324390407,-0.14031102845028998,0.44256208927428947
6,613,0.17576419210975638,0.23591923481736196,0.12964930922395568,0.13660618994520307,-0.01833714904806312,-0.08344298650033384,-0.08588316162168004,-0.0694129240930138,0.15098667651820208
4,496,0.32096069863520726,0.07226354940351627,0.1827842720206588,0.34578441829879525,-0.09127552127227406,-0.19468132286126547,-0.20648928048340226,-0.17892752081642438,0.27429293467950383
108,619,0.1768558951663387,0.3528161529701089,0.473963868146592,0.23585912482726468,0.7312575077314944,0.36828207932319673,0.38725270711568516,0.3786574946917316,0.45650640858069963
88,419,0.32860262003128365,0.31349628050054856,0.3007438894293398,0.05763073638313254,-0.02316192801031303,-0.03511664531753154,-0.037001692175829895,-0.03406641567386648,0.04426542758779934
104,109,0.47598253266989926,0.4006376194871417,0.4527098830279108,0.15688367126519415,-0.03203934573981764,-0.024149480315608454,-0.02443405538116139,-0.024122471016716718,0.025059332085076096
210,258,0.5043668121410401,0.43995749195670203,0.4643995748431855,0.18569903945676042,-0.04130036551098753,-0.040606202226595146,-0.04081687226905421,-0.04058849357091798,0.04125538076991081
195,638,0.4017467248223003,0.27630180654285635,0.17534537722912039,0.17716115258518522,-0.08999969020665471,-0.29802498104952957,-0.3152923129658911,-0.27801398158427204,0.3923072530543302
8,250,0.258733624410014,0.10839532410527442,0.2295430392817576,0.08537886871575191,-0.04739138571703475,-0.04177393329774381,-0.04430483510341836,-0.03897125189340456,0.05978165569946091
241,293,0.5567685588569923,0.4612114770753833,0.4952178532652733,0.18356456773886662,-0.060794564186577256,-0.06001028571849434,-0.059488547723146185,-0.060035636814352866,0.05850844503937909
239,69,0.4192139737276177,0.32306057380395514,0.34006376189890014,0.12806830307362788,-0.06696314674045349,-0.09083411659091972,-0.09427976181200176,-0.08945632149705685,0.10424273901556197
488,340,0.1877729257321621,0.2295430392817576,0.5164718383839546,0.3212379935430166,0.7462106210136379,0.39168179728056773,0.4094219950572619,0.40343256421519946,0.4667329731271376
608,501,0.20633187769406183,0.44314558972450424,0.18172157276472475,0.25613660614725575,0.02437242923297157,-0.03950624291119767,-0.04156850089230887,-0.03519189808544809,0.06341826570542006
599,368,0.2925764191640665,0.37194473957692203,0.4123273113024164,0.27854855918514065,0.15737706156759568,0.14262995894549726,0.1490781684049204,0.14236669481724873,0.16988020441445484
605,267,0.2401746724481143,0.1827842720206588,0.2518597236563729,0.042689434357875956,-0.002233569599692606,0.01665822616320744,0.017668148866845097,0.015705577342752686,0.023747976915064268
608,101,0.28930130999431947,0.24867162588857072,0.2231668437461532,0.13340448236836236,-0.04707958324717686,-0.09238260022040595,-0.09797910273934482,-0.08630163635531807,0.12904836339637185
1,454,0.15720524014785664,0.29117959612593325,0.23591923481736196,0.2241195303788488,0.13470413527584105,0.12553979501467155,0.13219845659360335,0.11612158693876906,0.20022156786623804
211,542,0.5425764191214218,0.43358129642109766,0.45696068005164703,0.17395944500834454,-0.07604267740437007,-0.08563514796057468,-0.08564161159505383,-0.08563476006598214,0.08565454618677253
213,197,0.5589519649701569,0.4495217852601086,0.45696068005164703,0.17609391672623834,-0.08459585926274485,-0.10118887968853485,-0.10092001957906505,-0.10122471730976534,0.10039277656832815
202,72,0.5545851527438276,0.4548352815397789,0.4686503718669217,0.17182497329045074,-0.07495243623471778,-0.08495306954737794,-0.08462337617343485,-0.0849876680075119,0.08398256625097819
449,74,0.1069868995450691,0.09670563228999972,0.07757704568318659,0.04162219849892906,-0.0185495271382685,-0.06845539634981448,-0.06444122424658616,-0.04885328146813739,0.1593391464576069
445,303,0.13427947595962753,0.08926673749846128,0.11902231666461505,0.17395944500834454,-0.018797137967692154,-0.030314186372935842,-0.03038016409589105,-0.024175120575424813,0.06023074103800708
452,562,0.24454148467444364,0.4718384696347239,0.5292242294551633,0.2145144076483267,0.5912334703457651,0.32363360787800716,0.33524279957107606,0.3292692274366442,0.36791379839451255
455,416,0.2259825327125439,0.1264612114561535,0.19128586606813133,0.14834578439361895,-0.04034199777934624,-0.053712433065215455,-0.056738502552039494,-0.048490779714723486,0.08314992764294206
467,635,0.5676855894228157,0.5260361316873612,0.6737513282621959,0.22091782280200808,0.09081852621448865,0.09519433039934118,0.09136001784242162,0.09413996983732398,0.08543719843351492
582,305,0.6168122269690208,0.4612114770753833,0.6939426141249431,0.1099252934715306,0.03440804197285655,0.06736946130729181,0.06389320549655268,0.06645061405660058,0.05884379768576844
3,506,0.20524017463747948,0.10839532410527442,0.11689691815274691,0.2017075773409639,-0.05128286257586179,-0.1556489850700706,-0.16118147814918846,-0.1295937499842278,0.27423266770628124
5,598,0.16157205237418598,0.2805526035665926,0.45377258228384487,0.14407684095783135,0.723298644479775,0.3724930912465015,0.39296986040992243,0.38343836324619196,0.4748489489368868
109,526,0.11135371177139844,0.14771519657483476,0.08714133898659315,0.042689434357875956,-0.00946628709658277,-0.05434398378749683,-0.05199468667887418,-0.03988313209499206,0.12197355476782323
107,417,0.32641921391811896,0.387885228415933,0.35919234850571324,0.19530416218728253,0.04237707206384915,0.03957999965973636,0.04146323572062035,0.039030646763998145,0.047800623072452746
95,285,0.3460698689366011,0.2975557916615376,0.34750265669043856,0.045891141934716655,-0.008591769656857751,0.0017203997266217032,0.0018005999907639765,0.0016922759498573248,0.002065762050364033
93,33,0.4890829693488873,0.3804463336243945,0.42826780014142735,0.15154749197045966,-0.06162683607096413,-0.06349532343973384,-0.06436098363354344,-0.06335280218185846,0.06629360831462097
198,75,0.5665938863662333,0.4442082889804383,0.4665249733550536,0.16221985055992866,-0.0860687852413152,-0.09845142324239058,-0.09790657243264692,-0.09851417176897037,0.09686006483049163
195,137,0.5567685588569923,0.42507970237362513,0.4665249733550536,0.17822838844413214,-0.08256052928239511,-0.08921011044527136,-0.08886303180174386,-0.089248526343223,0.08818847818108559
215,180,0.5840611352715507,0.43358129642109766,0.4527098830279108,0.16969050157255694,-0.10477483013380803,-0.12900030099285875,-0.1282075233410755,-0.12912127097519632,0.12669141781304064
208,314,0.6048034933466151,0.45696068005164703,0.5111583421042842,0.16969050157255694,-0.08830527232618872,-0.08864591080000028,-0.08692461960452016,-0.08871960693144287,0.08391355073833985
132,24,0.3908296942564769,0.3783209351125264,0.3804463336243945,0.13020277479152167,-0.010520999107082304,-0.011823042672117118,-0.012251379027980881,-0.011715323031731839,0.013462370345549876
134,327,0.5032751090844577,0.37194473957692203,0.35919234850571324,0.13874066166309687,-0.101010959247268,-0.15514512712385914,-0.15862584654834228,-0.15391031340358152,0.16705684518089753
34,400,0.32532751086153666,0.3411264611548342,0.37407013808879014,0.08431163285680501,0.048468160867178624,0.05828324036625849,0.06095836656138042,0.057667442120620804,0.06969128780225443
29,625,0.2925764191640665,0.21360255044274665,0.5483528160619765,0.06189967981892014,0.3538901720940603,0.2789190406767044,0.2861163190944565,0.28187331314163555,0.3041556204149532
39,522,0.17139737988342701,0.10201912856967003,0.21785334746648288,0.05122732122945115,0.029599754463070813,0.0744597075393539,0.07836168518637371,0.0679291438485764,0.11934412156950504
244,62,0.4050218339920473,0.29649309240560356,0.40382571725494393,0.13660618994520307,-0.022595160059846367,-0.0013299562502847246,-0.0013707941847734566,-0.0013224250706864726,0.0014787723921119592
617,97,0.34279475976685403,0.404888416510878,0.2210414452342851,0.127001067214681,-0.05479785779877457,-0.16214382886540982,-0.17166950907881828,-0.15269042292848933,0.21593353212586522
601,22,0.26746724886267276,0.09670563228999972,0.09883103080186785,0.13127001065046856,-0.06246700449375854,-0.2786297715043713,-0.29199114494741696,-0.23535783877061245,0.46036695889691565
3,506,0.20524017463747948,0.10839532410527442,0.11689691815274691,0.2017075773409639,-0.05128286257586179,-0.1556489850700706,-0.16118147814918846,-0.1295937499842278,0.27423266770628124
5,598,0.16157205237418598,0.2805526035665926,0.45377258228384487,0.14407684095783135,0.723298644479775,0.3724930912465015,0.39296986040992243,0.38343836324619196,0.4748489489368868
109,526,0.11135371177139844,0.14771519657483476,0.08714133898659315,0.042689434357875956,-0.00946628709658277,-0.05434398378749683,-0.05199468667887418,-0.03988313209499206,0.12197355476782323
107,417,0.32641921391811896,0.387885228415933,0.35919234850571324,0.19530416218728253,0.04237707206384915,0.03957999965973636,0.04146323572062035,0.039030646763998145,0.047800623072452746
95,285,0.3460698689366011,0.2975557916615376,0.34750265669043856,0.045891141934716655,-0.008591769656857751,0.0017203997266217032,0.0018005999907639765,0.0016922759498573248,0.002065762050364033
93,33,0.4890829693488873,0.3804463336243945,0.42826780014142735,0.15154749197045966,-0.06162683607096413,-0.06349532343973384,-0.06436098363354344,-0.06335280218185846,0.06629360831462097
198,75,0.5665938863662333,0.4442082889804383,0.4665249733550536,0.16221985055992866,-0.0860687852413152,-0.09845142324239058,-0.09790657243264692,-0.09851417176897037,0.09686006483049163
195,137,0.5567685588569923,0.42507970237362513,0.4665249733550536,0.17822838844413214,-0.08256052928239511,-0.08921011044527136,-0.08886303180174386,-0.089248526343223,0.08818847818108559
215,180,0.5840611352715507,0.43358129642109766,0.4527098830279108,0.16969050157255694,-0.10477483013380803,-0.12900030099285875,-0.1282075233410755,-0.12912127097519632,0.12669141781304064
208,314,0.6048034933466151,0.45696068005164703,0.5111583421042842,0.16969050157255694,-0.08830527232618872,-0.08864591080000028,-0.08692461960452016,-0.08871960693144287,0.08391355073833985
138,621,0.1888646287887444,0.09032943675439535,0.07332624865945034,0.027748132332619375,-0.043534909688813045,-0.22563643774593245,-0.22737783129010006,-0.17485806398043868,0.44064836548055425
552,536,0.30786026195621924,0.5611052071331852,0.27948990431065857,0.27427961574935306,0.02537594726634279,-0.03701795909115824,-0.03913655165538986,-0.035583842105718966,0.0483014579068688
638,145,0.13537117901620987,0.09564293303406567,0.07651434642725252,0.040554962639982164,-0.031102327719037766,-0.12786037481222218,-0.1240143274970407,-0.0943674995547269,0.2777634379370794
93,638,0.2259825327125439,0.2996811901734057,0.42614240162955924,0.07257203840838913,0.3297388021633584,0.24786103517050095,0.2605942960159947,0.24981406473960532,0.306930130477999
64,191,0.26200873357976107,0.24123273109703228,0.24442082886483446,0.09178228386943331,-0.017001441834353457,-0.02471440636505184,-0.02621304991754233,-0.023262810979300053,0.034728527928849555
60,45,0.3679039300682478,0.3018065886852739,0.3666312432972517,0.13233724650941547,-0.014187969180622437,-0.0014849417395138601,-0.0015463327128939631,-0.0014672929416501557,0.0017326073992004845
163,119,0.6299126636480089,0.4378320934448339,0.48459086070593266,0.14514407681677827,-0.1189882524704632,-0.137653782532676,-0.1350144944125572,-0.1379343265763422,0.13039035941235183
177,256,0.4781659387830639,0.45058448451604266,0.3900106269278011,0.18569903945676042,-0.0620203008921601,-0.09461105619791085,-0.09664833080616031,-0.09407753743252001,0.10153957859886811
183,376,0.5840611352715507,0.4590860785635152,0.46546227409911956,0.16862326571361003,-0.0955309592227136,-0.11576638167166442,-0.11480767236460362,-0.11588649527589645,0.11300153347148843
197,605,0.5065502182542047,0.2571732199360432,0.11264612112901067,0.05016008537050425,-0.08116643179003233,-0.5005792098623948,-0.5279242416178384,-0.46584516427174827,0.6361435480207115
147,194,0.5633187771964863,0.34218916041076824,0.37194473957692203,0.1077908217536368,-0.13028636181373704,-0.1978854033489007,-0.20000445373924877,-0.19718376598528708,0.20461828601047935
141,60,0.5524017466306629,0.38150903288032856,0.38150903288032856,0.13874066166309687,-0.11802266533791181,-0.17683509815658283,-0.17876792179747963,-0.17624497695132701,0.1829841448203768
161,564,0.5709606985925626,0.252922422912307,0.7481402761775803,0.11846318034310578,0.10238124437877928,0.1542669838580417,0.14609848764447442,0.1511010795795371,0.13431741391842847
29,8,0.33187772920103065,0.21785334746648288,0.20828905416307633,0.08964781215153951,-0.07636239407209647,-0.16815536809899884,-0.1782226085771196,-0.15707257301534938,0.22879302166793605
47,501,0.08406113535684,0.15302869285450504,0.2848034005903289,0.06189967981892014,0.5907627396012197,0.3305212890736807,0.34655563548680335,0.32173549882399244,0.5442019575055285
606,454,0.17467248905317403,0.17534537722912039,0.1264612114561535,0.26467449301883095,-0.02782457604011481,-0.08785404159649135,-0.0902670962713496,-0.07273561565601039,0.1600939278145847
19,145,0.16157205237418598,0.1232731136883513,0.18490967053252694,0.05549626466523875,0.012599864516463541,0.039646976609377084,0.04135471688730871,0.03496657931088254,0.06735403702421482
23,358,0.15393013097810962,0.09883103080186785,0.10626992559340628,0.09391675558732711,-0.033928465693072916,-0.09343161176397768,-0.0940401963341056,-0.07408558898663153,0.18316049343756644
134,516,0.21834061131646754,0.2635494154716476,0.15090329434263694,0.05763073638313254,-0.031036221784649338,-0.11097819470619942,-0.11637101284197238,-0.09645853883698363,0.18263125297083085
146,346,0.5382096068950925,0.40807651427868014,0.41657810832615266,0.13980789752204376,-0.0954579427092521,-0.12447736447696545,-0.12541073631654123,-0.12427655657893588,0.12738981161594734
136,274,0.4836244540659756,0.3390010626429661,0.4155154090702186,0.15795090712414106,-0.07166349230788456,-0.07182715826864632,-0.0730183053406043,-0.07159478399837771,0.07574825612615588
135,191,0.5360262007819279,0.4240170031176911,0.43145589790922956,0.16008537884203486,-0.08536620078699599,-0.10631254533109145,-0.10688671199404902,-0.10621005330395006,0.10808384964165607
132,632,0.18122270739266805,0.19659936234780165,0.3857598299040648,0.07897545356207053,0.35483718829293487,0.27163359646583085,0.28754249251689334,0.2729823583045322,0.3607404342419746
244,596,0.5120087335371164,0.4463336874923064,0.539851222014504,0.18569903945676042,0.009635789198097206,0.027147355930608512,0.026911908328503847,0.02712938359371697,0.026469546933456194
601,631,0.33078602614444835,0.31030818273274635,0.2720510095191201,0.2038420490588577,-0.04201180676954107,-0.0756473132431181,-0.07988643703578475,-0.07265769041617653,0.09742938168944532
599,541,0.15174672486494495,0.29861849091747167,0.1604675876460435,0.19210245461044181,0.03843761481330908,0.015607260897382945,0.0161055412144003,0.013338786748776976,0.027931440215090586
81,27,0.48471615712255794,0.3921360254396692,0.35919234850571324,0.12059765206099958,-0.08813340329338076,-0.13663936871439467,-0.14010202999922455,-0.13542270509386978,0.14873925301025473
207,447,0.44759825319875846,0.43995749195670203,0.48459086070593266,0.1974386339051763,0.03038482178013743,0.03831427629699079,0.03874385480510201,0.03831714565650135,0.03968316342016992
188,311,0.5283842793858514,0.4208289053498889,0.46546227409911956,0.18783351117465422,-0.06329146260392057,-0.06311617555693982,-0.06318076674235823,-0.06311023444093289,0.0633109494438136
2,97,0.15720524014785664,0.2263549415139554,0.11052072261714255,0.05122732122945115,-0.016532686748713363,-0.0902234735438423,-0.09121206084542213,-0.07219780647533758,0.17436776574890775
419,144,0.1102620087148161,0.4006376194871417,0.13283740699175786,0.18463180359781353,0.09171532860616997,0.045786183460404875,0.045569454092225445,0.03673976689886993,0.09286104415702146
418,339,0.18558951961899742,0.26886291175131793,0.14452709880703254,0.33297758799143246,-0.012611319736471735,-0.07146680431186377,-0.07419788996602245,-0.060838083881619154,0.1243838753541274
449,621,0.6681222706283907,0.6036131773705478,0.5653560041569214,0.21878335108411429,-0.08048368141618778,-0.09253011415273886,-0.08892440313671207,-0.0924505272574434,0.08331353833057849
578,577,0.17358078599659169,0.15940488839010944,0.2263549415139554,0.3201707576840697,0.05135524513673451,0.08344893729817383,0.08796224003796096,0.07670643740311278,0.1319533080392898
579,56,0.08733624452658702,0.11902231666461505,0.17534537722912039,0.18036286016202593,0.154062690787764,0.17171358348253027,0.17308922808179797,0.14612603673340618,0.3350283480143915
81,635,0.20087336241115014,0.37619553660065824,0.1264612114561535,0.05549626466523875,-0.015401521228197738,-0.1300592623180632,-0.13491141487648406,-0.10925473548649489,0.22732055479078583
73,562,0.14956331875178028,0.07013815089164815,0.14665249731890068,0.027748132332619375,-0.017858019344859956,-0.005348158877558784,-0.005483662965406941,-0.004485811809952778,0.009826364233093979
164,423,0.5534934496872452,0.404888416510878,0.4930924547534052,0.16008537884203486,-0.06952408663105514,-0.059041115968011086,-0.05858122857062271,-0.059064667451509845,0.057711855763549466
408,39,0.13646288207279222,0.28161530282252667,0.17109458020538412,0.06510138739576084,0.07112911914307236,0.0624458536079381,0.0643259558166856,0.05375793211838664,0.1125987089568142
407,129,0.12336244539380416,0.28799149835813104,0.19659936234780165,0.13980789752204376,0.14583369014315134,0.1294715085185676,0.13397458029163362,0.11455397564057035,0.2288855338525566
415,234,0.14082969429912157,0.20297555788340602,0.05419766205263721,0.2070437566356984,-0.021887088182187535,-0.19616414254342057,-0.1869655684706695,-0.13891064124607577,0.44418176856875224
418,322,0.21506550214672052,0.43039319865329545,0.22848034002582351,0.3703308430545739,0.05715038520205742,0.020142390789720296,0.02132597131792845,0.018653638760695812,0.030243835192177982
410,426,0.1386462881859569,0.08926673749846128,0.07013815089164815,0.17822838844413214,-0.03271907390373733,-0.14992799238002502,-0.1449816852220761,-0.10962194871000597,0.3281128732350574
415,545,0.6058951964031974,0.46227417633131734,0.624867162489229,0.22091782280200808,-0.013970621247726474,0.01710103584369538,0.016442300927062413,0.01699429410688902,0.015414645788110557
593,519,0.24999999995735533,0.49734325177714145,0.2231668437461532,0.4247598718608658,0.024995580344980194,-0.03900857770784878,-0.04135912570076404,-0.03619908103076008,0.05670852921242579
559,385,0.1888646287887444,0.3188097767802189,0.47927736442626234,0.24973319099357436,0.6554959105357018,0.35528592051122604,0.37291300987111714,0.3643312576635337,0.4346506708350815
544,311,0.2751091702587491,0.6386822528163718,0.23591923481736196,0.1077908217536368,0.03546917068013482,-0.05482110296092386,-0.05814309483424364,-0.051454240349624536,0.07668686744484371
545,215,0.164847161543933,0.10201912856967003,0.19447396383593352,0.13340448236836236,0.013136401425918647,0.04942393904854106,0.05171487627422369,0.04405834017599275,0.0824498635806162
537,124,0.22161572048621456,0.42507970237362513,0.14452709880703254,0.042689434357875956,-0.013680288169556893,-0.12739697318589477,-0.1335017737109824,-0.11018637725371061,0.21053675476962802
627,213,0.23362445410862026,0.168969181693516,0.2752391072869223,0.15154749197045966,0.023986409241553205,0.0583366273145245,0.06187294372753137,0.055679262375895044,0.08177797840537698
634,431,0.1069868995450691,0.12221041443241723,0.16153028690197757,0.3233724652609104,0.07047062184019345,0.10525626034259873,0.10645696799814328,0.08835007658132643,0.2031205188738858
35,153,0.245633187731026,0.2061636556512082,0.21679064821054883,0.08004268942101743,-0.0273305316633944,-0.042413946366757875,-0.04495250113741084,-0.03916828632294711,0.062371168906110816
36,273,0.2805676855416608,0.18490967053252694,0.3315621678514276,0.11846318034310578,0.0256006061248095,0.06517753088460729,0.0687788782589153,0.06376879268372249,0.08330529234368969
42,381,0.33078602614444835,0.25929861844791136,0.15515409136637318,0.24226253998094607,-0.07260765207152096,-0.25194609136051416,-0.26720205061713975,-0.22829977449945626,0.3614196723304078
39,488,0.10807860260165143,0.15621679062230726,0.21891604672241696,0.1035218783178492,0.19908593840715483,0.19382488522603744,0.20103413624518646,0.1756247879800107,0.33894760247401706
47,572,0.11790393011089247,0.08926673749846128,0.27098831026318604,0.12593383135573408,0.2682905555737813,0.24547692131088705,0.25832601719451187,0.23409519975461524,0.39363204753954484
154,499,0.3558951964458421,0.48034006368219645,0.3071200849649442,0.15048025611151275,-0.012194112600533519,-0.05990087895418678,-0.06290719847202102,-0.05832375776222509,0.07356447877957091
143,357,0.517467248820028,0.3836344313921967,0.4516471837719767,0.16328708641887554,-0.06931899696755062,-0.06686033654052136,-0.06720336320690189,-0.06681857288920656,0.06791704612181157
147,283,0.5360262007819279,0.3708820403209879,0.3613177470175814,0.13340448236836236,-0.11647368131877232,-0.18443016958520284,-0.18754206267999585,-0.18332817904588827,0.19469288478096738
138,220,0.5305676854990161,0.38257173213626267,0.45058448451604266,0.15154749197045966,-0.07947620152396849,-0.08074740298197261,-0.08100048292001441,-0.08071437282798777,0.08151887250865278
142,171,0.5262008732726867,0.40170031874307577,0.43995749195670203,0.13874066166309687,-0.07850414008304135,-0.08774036001124517,-0.08823344401218185,-0.08766445576348603,0.08926331261257227
118,57,0.48689956323572264,0.35069075445824077,0.37619553660065824,0.14300960509888447,-0.08947311017382724,-0.11916027295430341,-0.12182186580840967,-0.11835291607755793,0.12826248409660165
606,637,0.29475982527723116,0.28161530282252667,0.3092454834768123,0.3020277480819724,0.009399613305680694,0.018638640033126222,0.0196813260641977,0.01810267804496679,0.023982267226500556
55,548,0.13646288207279222,0.0828905419628569,0.08501594047472504,0.07577374598522983,-0.032313736510146344,-0.10931598737043124,-0.10695996194246553,-0.08217034536917733,0.23227783917349698
41,454,0.19541484712823845,0.9999999998339532,0.30499468645307604,0.254002134429362,0.38795399275362213,0.1549043174289731,0.16430082549002772,0.15012311254270194,0.2189759489491911
41,373,0.2980349344469782,0.4548352815397789,0.31030818273274635,0.1120597651894244,0.042872996707878426,0.015735544677521553,0.01661011965447041,0.015290668994746515,0.02017455244050736
55,170,0.27838427942849614,0.1774707757409885,0.21041445267494446,0.09071504801048641,-0.05635244122134544,-0.09721798176362413,-0.1031086367313671,-0.0899781523355303,0.1390519618919501
138,8,0.46069868987774654,0.40170031874307577,0.4208289053498889,0.13660618994520307,-0.03991314095178968,-0.042464251756104555,-0.04328849091589329,-0.04232499889568819,0.045227549213968626
142,90,0.47379912655673456,0.35919234850571324,0.3921360254396692,0.14834578439361895,-0.07303938311380885,-0.08775677725966605,-0.08967757439477864,-0.08726832906956139,0.09430516077315336
137,208,0.5032751090844577,0.3953241232074714,0.4378320934448339,0.16328708641887554,-0.06432799364923353,-0.06745923559223203,-0.06811695596157087,-0.06736194483936964,0.06953757974491388
138,300,0.5021834060278754,0.38894792767186703,0.36238044627351546,0.15261472782940655,-0.0970469612865636,-0.1503540881045269,-0.1536775772869844,-0.14920538793552818,0.16170155637511738
132,541,0.30021834056014285,0.14665249731890068,0.18597236978846102,0.13447171822730927,-0.07563935059267873,-0.16384497948056342,-0.17376683096961493,-0.15011976399849503,0.23497699499952568
547,566,0.08733624452658702,0.1668437831816479,0.05207226354076908,0.08537886871575191,-0.00733852483535962,-0.09444328830513002,-0.08272511195687687,-0.06055465390111092,0.2529361469042178
543,380,0.6506550217230733,0.4410201912126361,0.7481402761775803,0.23906083240410536,0.04146351079073188,0.08242524361071246,0.07701045563038991,0.08071419271212421,0.06969178602230336
546,253,0.33624454142736,0.4463336874923064,0.3294367693395595,0.07257203840838913,0.016235605401070666,-0.008343892276794468,-0.008760175969016935,-0.00816749448970655,0.010226622564749703
542,149,0.19541484712823845,0.06907545163571409,0.0456960680051647,0.2166488793662205,-0.03391529071636399,-0.30490099073357035,-0.3030250026658848,-0.22710516845671458,0.620928225701868
46,87,0.33951965059710704,0.21572794895461478,0.303931987197142,0.0992529348820616,-0.04764778414964841,-0.044364767278934715,-0.04668412229836914,-0.043111091626367615,0.055306589702561436
56,300,0.21615720520330287,0.08926673749846128,0.12433581294428536,0.1099252934715306,-0.05684837946110968,-0.15735602070067364,-0.16386863257055712,-0.132921067370268,0.26966394158415874
179,616,0.1506550218083626,0.12433581294428536,0.07120085014758222,0.08751334043364571,-0.03252615237318808,-0.16868304977037424,-0.16510166080903796,-0.12534688633297852,0.358118041551583
177,507,0.47052401738698757,0.3315621678514276,0.4123273113024164,0.200640341482017,-0.0651524056880523,-0.06193726960746486,-0.06312638625434777,-0.061702723793364944,0.06591827001233454
183,431,0.5524017466306629,0.5015940488008777,0.5079702443364821,0.17075773743150383,-0.04202959240527927,-0.04314786331588708,-0.042712087289477015,-0.04315624991461564,0.04190136025833947
180,37,0.5054585151976223,0.43039319865329545,0.41657810832615266,0.15795090712414106,-0.07097301540791358,-0.09256134362601316,-0.09375264152078407,-0.09232043318897842,0.09639471055345548
606,26,0.12663755456355116,0.32306057380395514,0.2635494154716476,0.06189967981892014,0.3096772886382513,0.2191791081640581,0.23069928514776206,0.20750627639876773,0.35087886674290797
615,255,0.16048034931760363,0.07863974493912065,0.08182784270692284,0.08858057629259261,-0.040426979016663256,-0.15977894970598733,-0.15893287128043304,-0.1223231751218039,0.3245835795650203
615,381,0.3417030567102717,0.19872476085966975,0.13283740699175786,0.2198505869430612,-0.07607174830784506,-0.3031976511342592,-0.3214800004358347,-0.27171469348221233,0.440133704967178
621,506,0.15502183403469194,0.4155154090702186,0.2837407013343948,0.19530416218728253,0.28381753369340657,0.19432223132386792,0.2056710145123955,0.1864034847050875,0.2933612624422194
616,598,0.1441048034688686,0.10414452708153817,0.06057385758824158,0.200640341482017,-0.031446754271888366,-0.18462925039103703,-0.1778039391851875,-0.13318758918302842,0.40808779372470577
81,27,0.48471615712255794,0.3921360254396692,0.35919234850571324,0.12059765206099958,-0.08813340329338076,-0.13663936871439467,-0.14010202999922455,-0.13542270509386978,0.14873925301025473
207,447,0.44759825319875846,0.43995749195670203,0.48459086070593266,0.1974386339051763,0.03038482178013743,0.03831427629699079,0.03874385480510201,0.03831714565650135,0.03968316342016992
188,311,0.5283842793858514,0.4208289053498889,0.46546227409911956,0.18783351117465422,-0.06329146260392057,-0.06311617555693982,-0.06318076674235823,-0.06311023444093289,0.0633109494438136
2,97,0.15720524014785664,0.2263549415139554,0.11052072261714255,0.05122732122945115,-0.016532686748713363,-0.0902234735438423,-0.09121206084542213,-0.07219780647533758,0.17436776574890775
419,144,0.1102620087148161,0.4006376194871417,0.13283740699175786,0.18463180359781353,0.09171532860616997,0.045786183460404875,0.045569454092225445,0.03673976689886993,0.09286104415702146
418,339,0.18558951961899742,0.26886291175131793,0.14452709880703254,0.33297758799143246,-0.012611319736471735,-0.07146680431186377,-0.07419788996602245,-0.060838083881619154,0.1243838753541274
449,621,0.6681222706283907,0.6036131773705478,0.5653560041569214,0.21878335108411429,-0.08048368141618778,-0.09253011415273886,-0.08892440313671207,-0.0924505272574434,0.08331353833057849
578,577,0.17358078599659169,0.15940488839010944,0.2263549415139554,0.3201707576840697,0.05135524513673451,0.08344893729817383,0.08796224003796096,0.07670643740311278,0.1319533080392898
579,56,0.08733624452658702,0.11902231666461505,0.17534537722912039,0.18036286016202593,0.154062690787764,0.17171358348253027,0.17308922808179797,0.14612603673340618,0.3350283480143915
6,613,0.17576419210975638,0.23591923481736196,0.12964930922395568,0.13660618994520307,-0.01833714904806312,-0.08344298650033384,-0.08588316162168004,-0.0694129240930138,0.15098667651820208
4,496,0.32096069863520726,0.07226354940351627,0.1827842720206588,0.34578441829879525,-0.09127552127227406,-0.19468132286126547,-0.20648928048340226,-0.17892752081642438,0.27429293467950383
108,619,0.1768558951663387,0.3528161529701089,0.473963868146592,0.23585912482726468,0.7312575077314944,0.36828207932319673,0.38725270711568516,0.3786574946917316,0.45650640858069963
88,419,0.32860262003128365,0.31349628050054856,0.3007438894293398,0.05763073638313254,-0.02316192801031303,-0.03511664531753154,-0.037001692175829895,-0.03406641567386648,0.04426542758779934
104,109,0.47598253266989926,0.4006376194871417,0.4527098830279108,0.15688367126519415,-0.03203934573981764,-0.024149480315608454,-0.02443405538116139,-0.024122471016716718,0.025059332085076096
210,258,0.5043668121410401,0.43995749195670203,0.4643995748431855,0.18569903945676042,-0.04130036551098753,-0.040606202226595146,-0.04081687226905421,-0.04058849357091798,0.04125538076991081
195,638,0.4017467248223003,0.27630180654285635,0.17534537722912039,0.17716115258518522,-0.08999969020665471,-0.29802498104952957,-0.3152923129658911,-0.27801398158427204,0.3923072530543302
81,635,0.20087336241115014,0.37619553660065824,0.1264612114561535,0.05549626466523875,-0.015401521228197738,-0.1300592623180632,-0.13491141487648406,-0.10925473548649489,0.22732055479078583
73,562,0.14956331875178028,0.07013815089164815,0.14665249731890068,0.027748132332619375,-0.017858019344859956,-0.005348158877558784,-0.005483662965406941,-0.004485811809952778,0.009826364233093979
164,423,0.5534934496872452,0.404888416510878,0.4930924547534052,0.16008537884203486,-0.06952408663105514,-0.059041115968011086,-0.05858122857062271,-0.059064667451509845,0.057711855763549466
408,39,0.13646288207279222,0.28161530282252667,0.17109458020538412,0.06510138739576084,0.07112911914307236,0.0624458536079381,0.0643259558166856,0.05375793211838664,0.1125987089568142
407,129,0.12336244539380416,0.28799149835813104,0.19659936234780165,0.13980789752204376,0.14583369014315134,0.1294715085185676,0.13397458029163362,0.11455397564057035,0.2288855338525566
415,234,0.14082969429912157,0.20297555788340602,0.05419766205263721,0.2070437566356984,-0.021887088182187535,-0.19616414254342057,-0.1869655684706695,-0.13891064124607577,0.44418176856875224
418,322,0.21506550214672052,0.43039319865329545,0.22848034002582351,0.3703308430545739,0.05715038520205742,0.020142390789720296,0.02132597131792845,0.018653638760695812,0.030243835192177982
410,426,0.1386462881859569,0.08926673749846128,0.07013815089164815,0.17822838844413214,-0.03271907390373733,-0.14992799238002502,-0.1449816852220761,-0.10962194871000597,0.3281128732350574
415,545,0.6058951964031974,0.46227417633131734,0.624867162489229,0.22091782280200808,-0.013970621247726474,0.01710103584369538,0.016442300927062413,0.01699429410688902,0.015414645788110557
593,519,0.24999999995735533,0.49734325177714145,0.2231668437461532,0.4247598718608658,0.024995580344980194,-0.03900857770784878,-0.04135912570076404,-0.03619908103076008,0.05670852921242579
559,385,0.1888646287887444,0.3188097767802189,0.47927736442626234,0.24973319099357436,0.6554959105357018,0.35528592051122604,0.37291300987111714,0.3643312576635337,0.4346506708350815
544,311,0.2751091702587491,0.6386822528163718,0.23591923481736196,0.1077908217536368,0.03546917068013482,-0.05482110296092386,-0.05814309483424364,-0.051454240349624536,0.07668686744484371
545,215,0.164847161543933,0.10201912856967003,0.19447396383593352,0.13340448236836236,0.013136401425918647,0.04942393904854106,0.05171487627422369,0.04405834017599275,0.0824498635806162
537,124,0.22161572048621456,0.42507970237362513,0.14452709880703254,0.042689434357875956,-0.013680288169556893,-0.12739697318589477,-0.1335017737109824,-0.11018637725371061,0.21053675476962802
627,213,0.23362445410862026,0.168969181693516,0.2752391072869223,0.15154749197045966,0.023986409241553205,0.0583366273145245,0.06187294372753137,0.055679262375895044,0.08177797840537698
634,431,0.1069868995450691,0.12221041443241723,0.16153028690197757,0.3233724652609104,0.07047062184019345,0.10525626034259873,0.10645696799814328,0.08835007658132643,0.2031205188738858
6,2,0.12336244539380416,0.10201912856967003,0.1827842720206588,0.04909284951155735,0.06410553409321262,0.10739254383333552,0.11056503480083979,0.09341961175400892,0.1940895878572677
4,76,0.16703056765709767,0.13602550475956005,0.09351753452219753,0.06510138739576084,-0.03639660659694843,-0.14401644019921614,-0.1449850518221714,-0.11308641446050938,0.28213682202707885
7,252,0.2751091702587491,0.09245483526626347,0.32731137082769135,0.1067235858946899,0.006223228015331655,0.06725665496103495,0.07102786754419181,0.06570798722649951,0.08665263295325784
102,573,0.1331877729030452,0.1668437831816479,0.23910733258516415,0.17822838844413214,0.16419488892548828,0.17359078408703635,0.1821373457439487,0.16079899164665,0.28449666700762694
108,231,0.41266375538812367,0.3496280552023067,0.3528161529701089,0.13553895408625616,-0.05171194147161842,-0.06840328388853475,-0.07093805203795463,-0.06750475618383989,0.07818207864591765
114,100,0.4858078601791403,0.40382571725494393,0.4155154090702186,0.15048025611151275,-0.06212007798497759,-0.0740399172898686,-0.07524167388655842,-0.07380423001986713,0.07798717921075067
108,13,0.43886462874609977,0.37619553660065824,0.38257173213626267,0.13447171822730927,-0.05018275563571923,-0.06211034705531053,-0.06389917951355445,-0.06163091878103655,0.06852899377478233
195,53,0.5524017466306629,0.40595111576681203,0.44314558972450424,0.16221985055992866,-0.09361293667547992,-0.1094996265859391,-0.10958067497239922,-0.10948722260588606,0.10974367736219574
193,516,0.5709606985925626,0.3953241232074714,0.4516471837719767,0.16328708641887554,-0.10328943894308976,-0.11798666235066066,-0.11754115051270021,-0.11805341776388034,0.11667457184222067
85,7,0.45305676848167015,0.3804463336243945,0.41339001055835045,0.14621131267572515,-0.04220473554105579,-0.042614108099620435,-0.04354338763907265,-0.04244201190276753,0.04578043845412963
80,173,0.3406113536536894,0.3166843782683507,0.33687566413109793,0.13233724650941547,-0.007688466289285377,-0.004538551718442845,-0.004758854492736486,-0.004452012649633685,0.00551395979948651
55,323,0.23689956327836728,0.6546227416553827,0.1264612114561535,0.08431163285680501,-0.002565450294062902,-0.18320822434375625,-0.19187300499706975,-0.15669290754719656,0.3039274843548743
181,171,0.5152838427068634,0.43995749195670203,0.4633368755872514,0.15474919954730035,-0.050913551861437034,-0.05251102963417235,-0.052697679438023615,-0.05249372591888113,0.053081246698902955
623,2,0.13209606984646285,0.15302869285450504,0.09564293303406567,0.0981856990231147,-0.018082259388290726,-0.07638474661177883,-0.07513538664496626,-0.05834236836449824,0.16005837262202277
625,76,0.1877729257321621,0.09883103080186785,0.09032943675439535,0.06616862325470774,-0.04605544870441095,-0.18477477580116056,-0.18784592408490042,-0.1468108659305447,0.3503745334321057
624,252,0.14301310041228624,0.06907545163571409,0.055260361308571274,0.03628601920419457,-0.0328377915739829,-0.1970686123410405,-0.18850384324390407,-0.14031102845028998,0.44256208927428947
8,250,0.258733624410014,0.10839532410527442,0.2295430392817576,0.08537886871575191,-0.04739138571703475,-0.04177393329774381,-0.04430483510341836,-0.03897125189340456,0.05978165569946091
241,293,0.5567685588569923,0.4612114770753833,0.4952178532652733,0.18356456773886662,-0.060794564186577256,-0.06001028571849434,-0.059488547723146185,-0.060035636814352866,0.05850844503937909
239,69,0.4192139737276177,0.32306057380395514,0.34006376189890014,0.12806830307362788,-0.06696314674045349,-0.09083411659091972,-0.09427976181200176,-0.08945632149705685,0.10424273901556197
488,340,0.1877729257321621,0.2295430392817576,0.5164718383839546,0.3212379935430166,0.7462106210136379,0.39168179728056773,0.4094219950572619,0.40343256421519946,0.4667329731271376
608,501,0.20633187769406183,0.44314558972450424,0.18172157276472475,0.25613660614725575,0.02437242923297157,-0.03950624291119767,-0.04156850089230887,-0.03519189808544809,0.06341826570542006
599,368,0.2925764191640665,0.37194473957692203,0.4123273113024164,0.27854855918514065,0.15737706156759568,0.14262995894549726,0.1490781684049204,0.14236669481724873,0.16988020441445484
605,267,0.2401746724481143,0.1827842720206588,0.2518597236563729,0.042689434357875956,-0.002233569599692606,0.01665822616320744,0.017668148866845097,0.015705577342752686,0.023747976915064268
608,101,0.28930130999431947,0.24867162588857072,0.2231668437461532,0.13340448236836236,-0.04707958324717686,-0.09238260022040595,-0.09797910273934482,-0.08630163635531807,0.12904836339637185
132,24,0.3908296942564769,0.3783209351125264,0.3804463336243945,0.13020277479152167,-0.010520999107082304,-0.011823042672117118,-0.012251379027980881,-0.011715323031731839,0.013462370345549876
134,327,0.5032751090844577,0.37194473957692203,0.35919234850571324,0.13874066166309687,-0.101010959247268,-0.15514512712385914,-0.15862584654834228,-0.15391031340358152,0.16705684518089753
34,400,0.32532751086153666,0.3411264611548342,0.37407013808879014,0.08431163285680501,0.048468160867178624,0.05828324036625849,0.06095836656138042,0.057667442120620804,0.06969128780225443
29,625,0.2925764191640665,0.21360255044274665,0.5483528160619765,0.06189967981892014,0.3538901720940603,0.2789190406767044,0.2861163190944565,0.28187331314163555,0.3041556204149532
39,522,0.17139737988342701,0.10201912856967003,0.21785334746648288,0.05122732122945115,0.029599754463070813,0.0744597075393539,0.07836168518637371,0.0679291438485764,0.11934412156950504
244,62,0.4050218339920473,0.29649309240560356,0.40382571725494393,0.13660618994520307,-0.022595160059846367,-0.0013299562502847246,-0.0013707941847734566,-0.0013224250706864726,0.0014787723921119592
617,97,0.34279475976685403,0.404888416510878,0.2210414452342851,0.127001067214681,-0.05479785779877457,-0.16214382886540982,-0.17166950907881828,-0.15269042292848933,0.21593353212586522
601,22,0.26746724886267276,0.09670563228999972,0.09883103080186785,0.13127001065046856,-0.06246700449375854,-0.2786297715043713,-0.29199114494741696,-0.23535783877061245,0.46036695889691565
1,454,0.15720524014785664,0.29117959612593325,0.23591923481736196,0.2241195303788488,0.13470413527584105,0.12553979501467155,0.13219845659360335,0.11612158693876906,0.20022156786623804
211,542,0.5425764191214218,0.43358129642109766,0.45696068005164703,0.17395944500834454,-0.07604267740437007,-0.08563514796057468,-0.08564161159505383,-0.08563476006598214,0.08565454618677253
213,197,0.5589519649701569,0.4495217852601086,0.45696068005164703,0.17609391672623834,-0.08459585926274485,-0.10118887968853485,-0.10092001957906505,-0.10122471730976534,0.10039277656832815
202,72,0.5545851527438276,0.4548352815397789,0.4686503718669217,0.17182497329045074,-0.07495243623471778,-0.08495306954737794,-0.08462337617343485,-0.0849876680075119,0.08398256625097819
449,74,0.1069868995450691,0.09670563228999972,0.07757704568318659,0.04162219849892906,-0.0185495271382685,-0.06845539634981448,-0.06444122424658616,-0.04885328146813739,0.1593391464576069
445,303,0.13427947595962753,0.08926673749846128,0.11902231666461505,0.17395944500834454,-0.018797137967692154,-0.030314186372935842,-0.03038016409589105,-0.024175120575424813,0.06023074103800708
452,562,0.24454148467444364,0.4718384696347239,0.5292242294551633,0.2145144076483267,0.5912334703457651,0.32363360787800716,0.33524279957107606,0.3292692274366442,0.36791379839451255
455,416,0.2259825327125439,0.1264612114561535,0.19128586606813133,0.14834578439361895,-0.04034199777934624,-0.053712433065215455,-0.056738502552039494,-0.048490779714723486,0.08314992764294206
467,635,0.5676855894228157,0.5260361316873612,0.6737513282621959,0.22091782280200808,0.09081852621448865,0.09519433039934118,0.09136001784242162,0.09413996983732398,0.08543719843351492
582,305,0.6168122269690208,0.4612114770753833,0.6939426141249431,0.1099252934715306,0.03440804197285655,0.06736946130729181,0.06389320549655268,0.06645061405660058,0.05884379768576844
81,635,0.20087336241115014,0.37619553660065824,0.1264612114561535,0.05549626466523875,-0.015401521228197738,-0.1300592623180632,-0.13491141487648406,-0.10925473548649489,0.22732055479078583
73,562,0.14956331875178028,0.07013815089164815,0.14665249731890068,0.027748132332619375,-0.017858019344859956,-0.005348158877558784,-0.005483662965406941,-0.004485811809952778,0.009826364233093979
164,423,0.5534934496872452,0.404888416510878,0.4930924547534052,0.16008537884203486,-0.06952408663105514,-0.059041115968011086,-0.05858122857062271,-0.059064667451509845,0.057711855763549466
408,39,0.13646288207279222,0.28161530282252667,0.17109458020538412,0.06510138739576084,0.07112911914307236,0.0624458536079381,0.0643259558166856,0.05375793211838664,0.1125987089568142
407,129,0.12336244539380416,0.28799149835813104,0.19659936234780165,0.13980789752204376,0.14583369014315134,0.1294715085185676,0.13397458029163362,0.11455397564057035,0.2288855338525566
415,234,0.14082969429912157,0.20297555788340602,0.05419766205263721,0.2070437566356984,-0.021887088182187535,-0.19616414254342057,-0.1869655684706695,-0.13891064124607577,0.44418176856875224
418,322,0.21506550214672052,0.43039319865329545,0.22848034002582351,0.3703308430545739,0.05715038520205742,0.020142390789720296,0.02132597131792845,0.018653638760695812,0.030243835192177982
410,426,0.1386462881859569,0.08926673749846128,0.07013815089164815,0.17822838844413214,-0.03271907390373733,-0.14992799238002502,-0.1449816852220761,-0.10962194871000597,0.3281128732350574
415,545,0.6058951964031974,0.46227417633131734,0.624867162489229,0.22091782280200808,-0.013970621247726474,0.01710103584369538,0.016442300927062413,0.01699429410688902,0.015414645788110557
593,519,0.24999999995735533,0.49734325177714145,0.2231668437461532,0.4247598718608658,0.024995580344980194,-0.03900857770784878,-0.04135912570076404,-0.03619908103076008,0.05670852921242579
559,385,0.1888646287887444,0.3188097767802189,0.47927736442626234,0.24973319099357436,0.6554959105357018,0.35528592051122604,0.37291300987111714,0.3643312576635337,0.4346506708350815
544,311,0.2751091702587491,0.6386822528163718,0.23591923481736196,0.1077908217536368,0.03546917068013482,-0.05482110296092386,-0.05814309483424364,-0.051454240349624536,0.07668686744484371
545,215,0.164847161543933,0.10201912856967003,0.19447396383593352,0.13340448236836236,0.013136401425918647,0.04942393904854106,0.05171487627422369,0.04405834017599275,0.0824498635806162
537,124,0.22161572048621456,0.42507970237362513,0.14452709880703254,0.042689434357875956,-0.013680288169556893,-0.12739697318589477,-0.1335017737109824,-0.11018637725371061,0.21053675476962802
627,213,0.23362445410862026,0.168969181693516,0.2752391072869223,0.15154749197045966,0.023986409241553205,0.0583366273145245,0.06187294372753137,0.055679262375895044,0.08177797840537698
634,431,0.1069868995450691,0.12221041443241723,0.16153028690197757,0.3233724652609104,0.07047062184019345,0.10525626034259873,0.10645696799814328,0.08835007658132643,0.2031205188738858
618,250,0.12554585150696884,0.0828905419628569,0.0658873538679119,0.03628601920419457,-0.029522170827112847,-0.1363491061186446,-0.12942167383826775,-0.0970949063952623,0.31162502942218545
102,476,0.17358078599659169,0.16365568541384568,0.286928799102197,0.23799359654515848,0.14660162523877832,0.16702823335149608,0.1770104779369623,0.1603819997224195,0.24613072393176966
94,358,0.3242358078049543,0.16259298615791162,0.16790648243758194,0.14194236923993755,-0.0815034129620598,-0.22283873980580815,-0.23634878209511612,-0.2031605120169483,0.3176442161564669
458,597,0.7161572051180135,0.540913921270438,0.5929861848112071,0.23372465310937088,-0.11060872385081733,-0.10764982425957505,-0.1021232123998965,-0.10741410970598175,0.09408449798898685
449,475,0.3886462881433122,0.21041445267494446,0.32199787454802103,0.07470651012628293,-0.07370668848789176,-0.07906068031078695,-0.0825773345682923,-0.0774337751680787,0.09378457316544969
442,278,0.09388646286608104,0.17321997871725225,0.0456960680051647,0.07897545356207053,-0.011040280917637162,-0.1289820896942359,-0.11301819684575513,-0.08212953764034892,0.345221885405168
442,158,0.14737991263861558,0.1891604675562632,0.04357066949329658,0.13874066166309687,-0.022079866506890207,-0.2375550090865328,-0.22535855360398385,-0.16571599816672455,0.5436161136659419
442,35,0.04585152837645819,0.18172157276472475,0.17534537722912039,0.200640341482017,0.49997798217208417,0.2753276292532946,0.26932738711604093,0.23138177167207752,0.5853969505112592
183,460,0.6222707422519325,0.4760892666584602,0.4176408075820867,0.18036286016202593,-0.1294909507335,-0.2006637546088035,-0.1993250531326709,-0.2009853891572151,0.19677442575377968
179,329,0.5524017466306629,0.4197662060939548,0.4782146651703283,0.16862326571361003,-0.07434223744012536,-0.07307647462176048,-0.07270265624977651,-0.07310739463731797,0.07198250495259302
176,157,0.3504366811629304,0.43570669493296577,0.4027630179990098,0.15795090712414106,0.06771017675211372,0.06029235601748105,0.06263076532159927,0.05995318037698605,0.06947112051554823
163,79,0.4967248907449637,0.4155154090702186,0.42614240162955924,0.16755602985466314,-0.0623751619368981,-0.07347254964336576,-0.07440821756076463,-0.07330983195487106,0.0764809245867689
161,13,0.48253275100939325,0.37619553660065824,0.39107332618373514,0.15154749197045966,-0.07653415217883797,-0.0978516487272713,-0.09987443826254808,-0.0973246306940958,0.10469063561510536
291,515,0.6200873361387678,0.4718384696347239,0.5472901168060423,0.2262540020967426,-0.07756842066148219,-0.06737628129680429,-0.06548913835077011,-0.06734477553514462,0.06235905470369562
292,414,0.6572052400625673,0.5377258235026359,0.5642933049009874,0.2027748131999108,-0.08433757638463593,-0.0840665243297851,-0.08095681752050062,-0.08398542157159117,0.07606324466642173
287,314,0.5786026199886389,0.4697130711228558,0.5334750264788995,0.2017075773409639,-0.05336475023437768,-0.042792970404705935,-0.04198987151708831,-0.04278041268879251,0.04057914686141731
287,189,0.3679039300682478,0.2848034005903289,0.3698193410650539,0.12166488791994648,-0.015165904946637908,0.00223005457896022,0.0023212898551777826,0.0022048898395021777,0.0025963654351909213
517,355,0.27620087331533144,0.11795961740868098,0.0860786397306591,0.14407684095783135,-0.05726279856049233,-0.31586753657830546,-0.330728048885187,-0.2646461145927802,0.5247798088509176
515,262,0.36572052395508314,0.34218916041076824,0.0913921360103294,0.0971184631641678,-0.05601742549548695,-0.40574611902659297,-0.42992669275220985,-0.3564482616289636,0.6001198731650085
5,301,0.21506550214672052,0.18172157276472475,0.27311370877505414,0.08217716113891121,0.05050164480190458,0.08307963616551206,0.0881129670574683,0.0791335739145489,0.11890510456210729
3,395,0.13100436678988053,0.2295430392817576,0.3581296492497792,0.11846318034310578,0.5505515779534922,0.3247484731076047,0.3444270256722581,0.3269649652468368,0.46433214087576397
80,601,0.11135371177139844,0.16259298615791162,0.06482465461197784,0.1045891141767961,-0.01570233418451699,-0.1108499789401439,-0.1032161827643425,-0.07711381563309172,0.2640869866290315
93,398,0.33078602614444835,0.21147715193087852,0.3166843782683507,0.16969050157255694,-0.0336439047029097,-0.017524949107253173,-0.018433850604880283,-0.01708818228639597,0.021779277442966115
105,261,0.4694323143304052,0.31987247603615293,0.3751328373447242,0.1120597651894244,-0.08418676678456426,-0.10261012524090461,-0.105199952938181,-0.1018300458544723,0.1116531724519824
218,11,0.3668122270116655,0.3060573857090101,0.2837407013343948,0.11953041620205268,-0.060804229720296005,-0.10299296303262294,-0.10830115564909665,-0.09965759335826119,0.1276917669801411
608,96,0.2980349344469782,0.11370882038494473,0.32518597231582325,0.044823906075769755,-0.01652348619501981,0.03439237000821592,0.03625841448057496,0.03358645655684411,0.0435649889753949
183,460,0.6222707422519325,0.4760892666584602,0.4176408075820867,0.18036286016202593,-0.1294909507335,-0.2006637546088035,-0.1993250531326709,-0.2009853891572151,0.19677442575377968
179,329,0.5524017466306629,0.4197662060939548,0.4782146651703283,0.16862326571361003,-0.07434223744012536,-0.07307647462176048,-0.07270265624977651,-0.07310739463731797,0.07198250495259302
176,157,0.3504366811629304,0.43570669493296577,0.4027630179990098,0.15795090712414106,0.06771017675211372,0.06029235601748105,0.06263076532159927,0.05995318037698605,0.06947112051554823
163,79,0.4967248907449637,0.4155154090702186,0.42614240162955924,0.16755602985466314,-0.0623751619368981,-0.07347254964336576,-0.07440821756076463,-0.07330983195487106,0.0764809245867689
161,13,0.48253275100939325,0.37619553660065824,0.39107332618373514,0.15154749197045966,-0.07653415217883797,-0.0978516487272713,-0.09987443826254808,-0.0973246306940958,0.10469063561510536
291,515,0.6200873361387678,0.4718384696347239,0.5472901168060423,0.2262540020967426,-0.07756842066148219,-0.06737628129680429,-0.06548913835077011,-0.06734477553514462,0.06235905470369562
292,414,0.6572052400625673,0.5377258235026359,0.5642933049009874,0.2027748131999108,-0.08433757638463593,-0.0840665243297851,-0.08095681752050062,-0.08398542157159117,0.07606324466642173
287,314,0.5786026199886389,0.4697130711228558,0.5334750264788995,0.2017075773409639,-0.05336475023437768,-0.042792970404705935,-0.04198987151708831,-0.04278041268879251,0.04057914686141731
287,189,0.3679039300682478,0.2848034005903289,0.3698193410650539,0.12166488791994648,-0.015165904946637908,0.00223005457896022,0.0023212898551777826,0.0022048898395021777,0.0025963654351909213
517,355,0.27620087331533144,0.11795961740868098,0.0860786397306591,0.14407684095783135,-0.05726279856049233,-0.31586753657830546,-0.330728048885187,-0.2646461145927802,0.5247798088509176
515,262,0.36572052395508314,0.34218916041076824,0.0913921360103294,0.0971184631641678,-0.05601742549548695,-0.40574611902659297,-0.42992669275220985,-0.3564482616289636,0.6001198731650085
128,535,0.18449781656241507,0.2720510095191201,0.33262486710736167,0.07684098184417673,0.24519860479767328,0.20598392696034765,0.2184479513222612,0.2025374962934816,0.28643912547526434
125,452,0.2641921396929257,0.43570669493296577,0.37407013808879014,0.22945570967358328,0.1730241881609159,0.13753327065607138,0.14479576588781648,0.13634214010531598,0.17214911008656109
29,633,0.18558951961899742,0.22529224225802133,0.1402763017832963,0.08004268942101743,-0.021396753026627857,-0.07937777226325238,-0.08230031182761413,-0.06724061782836599,0.13905059375520248
301,622,0.6528384278362379,0.5015940488008777,0.46227417633131734,0.18036286016202593,-0.12936787598544539,-0.18045965417818788,-0.17698122578900605,-0.18101060222713294,0.17089085514743513
2,284,0.27292576414558445,0.13283740699175786,0.17109458020538412,0.08537886871575191,-0.06863110429167303,-0.15281798534416985,-0.16180282481988678,-0.13762681861119896,0.2293338444464581
6,517,0.12117903928063949,0.1402763017832963,0.13708820401549413,0.042689434357875956,0.018717615995684465,0.03130433723970724,0.0314710203653755,0.025481275686093596,0.061597265614755786
112,610,0.2663755458060904,0.2826780020784607,0.49202975549747113,0.1045891141767961,0.3394596032661312,0.259113415247515,0.26897425234278793,0.26208824621344395,0.2975338265855943
113,370,0.32314410474837196,0.25079702440043883,0.38257173213626267,0.1099252934715306,0.03915367955957782,0.07074085785246353,0.07393175618869324,0.07012011899851645,0.08420779858860365
102,120,0.4956331876883813,0.36238044627351546,0.37407013808879014,0.12379935963784028,-0.09351013028031559,-0.1303507468579869,-0.1331260868301798,-0.1294858896098996,0.13977370263336794
323,67,0.18668122267557974,0.17640807648505444,0.11689691815274691,0.039487726781035265,-0.03624292507581982,-0.12665296587278152,-0.13026132914226057,-0.10430376074326642,0.22986506116045416
164,384,0.565502183309651,0.43358129642109766,0.48034006368219645,0.16328708641887554,-0.08027907253707779,-0.08327434535011087,-0.08263607425350587,-0.08332851573106392,0.0814284327754166
3,578,0.22379912659937923,0.2316684377936257,0.11264612112901067,0.07257203840838913,-0.04396368618744303,-0.19162738127985313,-0.19932866867882315,-0.16042650411895443,0.33036491224778664
112,5,0.4399563318026821,0.36450584478538356,0.3730074388328561,0.14407684095783135,-0.05820142092673667,-0.07425148005223396,-0.0764854083703949,-0.07358633280159477,0.0823506145277671
218,621,0.6364628819875029,0.4867162592178008,0.5005313495449436,0.18249733187991973,-0.10907135063631924,-0.12747911526324432,-0.1245551064946405,-0.12770885472004911,0.11955231717765881
3,193,0.20087336241115014,0.2922422953818673,0.23910733258516415,0.09071504801048641,0.05815819213333549,0.057640482030462445,0.06101225184968242,0.053679205741445246,0.08689721595702382
2,314,0.1877729257321621,0.2943676938937354,0.22529224225802133,0.1109925293304775,0.06158835380603676,0.05837679575095925,0.06163672067384066,0.053719294562212916,0.09082924634041571
98,382,0.28930130999431947,0.2901168968699992,0.3411264611548342,0.08751334043364571,0.04907790680113569,0.06527089757913011,0.06876782619246888,0.06405285234034475,0.08220504477403805
301,7,0.0982532750924104,0.0658873538679119,0.07757704568318659,0.05442902880629185,-0.018169259340170947,-0.049307391339163606,-0.04589003828237359,-0.03475268122278585,0.11758523574004882
285,80,0.332969432257613,0.32837407008362546,0.4123273113024164,0.17716115258518522,0.07747680562232023,0.09192266503688179,0.09558836936869358,0.09158049292372505,0.1064768242359174
289,139,0.43013100429344103,0.38257173213626267,0.39638682246340545,0.16648879399571623,-0.03364239999995322,-0.03711677380507896,-0.03815696773758742,-0.03688575674831429,0.04082643721335534
301,357,0.5873362444412977,0.4760892666584602,0.5281615301992293,0.18783351117465422,-0.0625769238248164,-0.056027323315381156,-0.0549437602197538,-0.056027367377241566,0.05304733414884014
323,631,0.7358078601364956,0.4984059510330755,0.5855472900196687,0.2166488793662205,-0.13344299468900173,-0.13071746243359075,-0.12374830886317865,-0.1305670384245443,0.11371616153587777
621,573,0.16703056765709767,0.21679064821054883,0.16471838466977975,0.36712913547773324,0.007989630962393888,-0.004014310331351006,-0.004169807873392934,-0.003469386577691025,0.0069694677225413774
620,493,0.31768558946546027,0.6110520721620861,0.21997874597835101,0.4215581642840251,-0.013496776336961317,-0.13324943325597063,-0.14123918642848132,-0.12487810722512749,0.18172124752508864
621,390,0.33078602614444835,0.3432518596667023,0.33262486710736167,0.16969050157255694,0.003986149989935641,0.0022576038443726924,0.0023708097694204104,0.002211414016459967,0.002771744284865122
3,578,0.22379912659937923,0.2316684377936257,0.11264612112901067,0.07257203840838913,-0.04396368618744303,-0.19162738127985313,-0.19932866867882315,-0.16042650411895443,0.33036491224778664
112,5,0.4399563318026821,0.36450584478538356,0.3730074388328561,0.14407684095783135,-0.05820142092673667,-0.07425148005223396,-0.0764854083703949,-0.07358633280159477,0.0823506145277671
218,621,0.6364628819875029,0.4867162592178008,0.5005313495449436,0.18249733187991973,-0.10907135063631924,-0.12747911526324432,-0.1245551064946405,-0.12770885472004911,0.11955231717765881
183,460,0.6222707422519325,0.4760892666584602,0.4176408075820867,0.18036286016202593,-0.1294909507335,-0.2006637546088035,-0.1993250531326709,-0.2009853891572151,0.19677442575377968
179,329,0.5524017466306629,0.4197662060939548,0.4782146651703283,0.16862326571361003,-0.07434223744012536,-0.07307647462176048,-0.07270265624977651,-0.07310739463731797,0.07198250495259302
176,157,0.3504366811629304,0.43570669493296577,0.4027630179990098,0.15795090712414106,0.06771017675211372,0.06029235601748105,0.06263076532159927,0.05995318037698605,0.06947112051554823
163,79,0.4967248907449637,0.4155154090702186,0.42614240162955924,0.16755602985466314,-0.0623751619368981,-0.07347254964336576,-0.07440821756076463,-0.07330983195487106,0.0764809245867689
161,13,0.48253275100939325,0.37619553660065824,0.39107332618373514,0.15154749197045966,-0.07653415217883797,-0.0978516487272713,-0.09987443826254808,-0.0973246306940958,0.10469063561510536
291,515,0.6200873361387678,0.4718384696347239,0.5472901168060423,0.2262540020967426,-0.07756842066148219,-0.06737628129680429,-0.06548913835077011,-0.06734477553514462,0.06235905470369562
292,414,0.6572052400625673,0.5377258235026359,0.5642933049009874,0.2027748131999108,-0.08433757638463593,-0.0840665243297851,-0.08095681752050062,-0.08398542157159117,0.07606324466642173
287,314,0.5786026199886389,0.4697130711228558,0.5334750264788995,0.2017075773409639,-0.05336475023437768,-0.042792970404705935,-0.04198987151708831,-0.04278041268879251,0.04057914686141731
287,189,0.3679039300682478,0.2848034005903289,0.3698193410650539,0.12166488791994648,-0.015165904946637908,0.00223005457896022,0.0023212898551777826,0.0022048898395021777,0.0025963654351909213
517,355,0.27620087331533144,0.11795961740868098,0.0860786397306591,0.14407684095783135,-0.05726279856049233,-0.31586753657830546,-0.330728048885187,-0.2646461145927802,0.5247798088509176
515,262,0.36572052395508314,0.34218916041076824,0.0913921360103294,0.0971184631641678,-0.05601742549548695,-0.40574611902659297,-0.42992669275220985,-0.3564482616289636,0.6001198731650085
155,482,0.3165938864088779,0.3092454834768123,0.24548352812076854,0.18996798289254802,-0.04524871244238182,-0.0948485962038931,-0.10043008607627704,-0.08996030341457273,0.1265112017910332
166,304,0.5436681221780042,0.455897980795713,0.43995749195670203,0.18783351117465422,-0.08134528009518062,-0.10456978899500616,-0.1048545692832326,-0.10452390467187311,0.10543604367624364
167,178,0.5469432313477512,0.3634431455294495,0.4930924547534052,0.14087513338099067,-0.07192432280574433,-0.05280389287815012,-0.0524505204008381,-0.05282065064794472,0.05177733874884285
162,105,0.5513100435740805,0.4718384696347239,0.5185972368958227,0.16755602985466314,-0.03956788864874105,-0.03162589612831309,-0.03125593020077918,-0.03162462769741259,0.030575089269935327
607,193,0.22707423576912625,0.0945802337781316,0.15834218913417536,0.26147278544199026,-0.05681779058323781,-0.1107104400413656,-0.11643890156169667,-0.09722286123566948,0.17832730133580751
609,314,0.164847161543933,0.11370882038494473,0.2678002124953838,0.12059765206099958,0.11717844579891158,0.15651902937441609,0.16558017296271188,0.14843677071621508,0.23795513950103078
618,559,0.17248908294000936,0.35706694999384514,0.3804463336243945,0.24759871927568056,0.4483366718147586,0.27966168478067643,0.2962507792733425,0.2810539604267217,0.376090043768825
107,437,0.3995633187091356,0.4091392135346142,0.17109458020538412,0.0971184631641678,-0.07744294107903359,-0.3024370853685959,-0.3200834672586791,-0.28143121837035767,0.40035321327164924
7,229,0.32314410474837196,0.2720510095191201,0.26886291175131793,0.03094983990946007,-0.044631243842797284,-0.07054762141436546,-0.0745609311512677,-0.06762533569280249,0.09168858526312854
77,146,0.37117903923799483,0.35069075445824077,0.36769394255318577,0.1120597651894244,-0.006820912937410368,-0.004054423150339288,-0.004219664046384214,-0.004007270479038372,0.004716732363804032
466,604,0.6539301308928203,0.5876726885315368,0.6174282676976905,0.25186766271146815,-0.04008268425246274,-0.03237274934947307,-0.030909904226490672,-0.03220197892557408,0.028710706746643177
465,510,0.42358078595394705,0.24123273109703228,0.3007438894293398,0.2668089647367247,-0.09566301626467273,-0.14433088134973523,-0.15049428556921177,-0.14099100691384636,0.16958585180759234
462,458,0.20633187769406183,0.13708820401549413,0.09032943675439535,0.045891141934716655,-0.04668803372176063,-0.21297535260939499,-0.21841336180897145,-0.17157195071171194,0.39101333249656645
456,328,0.29475982527723116,0.2996811901734057,0.3166843782683507,0.4076840981177154,0.019901039678569418,0.028038077015350625,0.0295889720133305,0.027302137526106107,0.035856363812400836
465,208,0.16157205237418598,0.40595111576681203,0.2996811901734057,0.36392742790089255,0.2955657950138637,0.20335178169235893,0.21551193617974368,0.19696090741826933,0.2994150084411601
459,98,0.1441048034688686,0.08714133898659315,0.1668437831816479,0.08964781215153951,0.007870708958739306,0.04077741144157595,0.042059442943965804,0.03501890642345917,0.07312541770223138
456,26,0.10043668120557507,0.1721572794613182,0.07970244419505472,0.13127001065046856,-0.0017799901476160615,-0.048850830583088825,-0.04572725649576634,-0.034726880529875825,0.11509484552950108
587,599,0.08406113535684,0.27311370877505414,0.05207226354076908,0.3532550693114236,0.007568501788474308,-0.08669631814438232,-0.07542845044315274,-0.055185121962192496,0.23496455553616644
558,614,0.12117903928063949,0.11795961740868098,0.05632306056450533,0.045891141934716655,-0.024412894311068554,-0.15393452514678385,-0.14359000740628777,-0.1064041109436088,0.365360893506299
29,29,0.29475982527723116,0.14665249731890068,0.236981934073296,0.09391675558732711,-0.06097506373514824,-0.07923323346642608,-0.08399972970060167,-0.0746203052373503,0.1086558016852829
26,202,0.32096069863520726,0.21572794895461478,0.36238044627351546,0.1013874065999554,0.013648929711006128,0.05010550597997674,0.05250311116258177,0.049447149498093035,0.06061268026460223
6,549,0.08187772924367533,0.11370882038494473,0.0860786397306591,0.05229455708839805,0.010224755134190834,0.010250186182234894,0.009433646141792528,0.007212195050319892,0.02501039721880477
7,447,0.11353711788456312,0.21253985118681257,0.3464399574345045,0.13553895408625616,0.6288946993585183,0.3434013216280013,0.36391558092643916,0.3457854636871581,0.5063247309793365
6,367,0.17139737988342701,0.08714133898659315,0.3166843782683507,0.1088580576125837,0.18360692758401417,0.20795817519554802,0.2205569346882253,0.2031704142526244,0.2976632799544161
82,465,0.3613537117287538,0.32518597231582325,0.32199787454802103,0.16755602985466314,-0.03450038029406681,-0.04760843839513692,-0.049886496736353036,-0.04655966164930814,0.057591533076821994
456,632,0.6943231439863667,0.5526036130857127,0.524973432431427,0.2123799359304329,-0.12386426517726183,-0.1533655787988227,-0.14774823139115165,-0.15369949589397325,0.13889014784222042
453,548,0.5600436680267392,0.5472901168060423,0.6216790647214268,0.24866595513462747,0.05190255116388149,0.05669834799686399,0.054974883478698354,0.05636541395261174,0.05215677951792647
453,439,0.06986899562126961,0.06057385758824158,0.07332624865945034,0.045891141934716655,0.0009515031959824733,0.00913589507850533,0.008062546727289309,0.0060622087846028405,0.024141911078916032
448,294,0.19323144101507378,0.1721572794613182,0.0658873538679119,0.06296691567786704,-0.03617234202012717,-0.25016174310493905,-0.25162542766969664,-0.19234522313340574,0.49143157429114237
462,67,0.12336244539380416,0.0658873538679119,0.04357066949329658,0.048025613652610454,-0.02660326944156429,-0.19528722477401406,-0.17945706405091955,-0.13100520544508765,0.47795782013256366
566,391,0.1877729257321621,0.20191285862747196,0.09351753452219753,0.11739594448415888,-0.036143643987617644,-0.17771373264680332,-0.18095866826916496,-0.14185574094908793,0.33507016434419135
301,622,0.6528384278362379,0.5015940488008777,0.46227417633131734,0.18036286016202593,-0.12936787598544539,-0.18045965417818788,-0.17698122578900605,-0.18101060222713294,0.17089085514743513
2,284,0.27292576414558445,0.13283740699175786,0.17109458020538412,0.08537886871575191,-0.06863110429167303,-0.15281798534416985,-0.16180282481988678,-0.13762681861119896,0.2293338444464581
6,517,0.12117903928063949,0.1402763017832963,0.13708820401549413,0.042689434357875956,0.018717615995684465,0.03130433723970724,0.0314710203653755,0.025481275686093596,0.061597265614755786
112,610,0.2663755458060904,0.2826780020784607,0.49202975549747113,0.1045891141767961,0.3394596032661312,0.259113415247515,0.26897425234278793,0.26208824621344395,0.2975338265855943
113,370,0.32314410474837196,0.25079702440043883,0.38257173213626267,0.1099252934715306,0.03915367955957782,0.07074085785246353,0.07393175618869324,0.07012011899851645,0.08420779858860365
102,120,0.4956331876883813,0.36238044627351546,0.37407013808879014,0.12379935963784028,-0.09351013028031559,-0.1303507468579869,-0.1331260868301798,-0.1294858896098996,0.13977370263336794
323,67,0.18668122267557974,0.17640807648505444,0.11689691815274691,0.039487726781035265,-0.03624292507581982,-0.12665296587278152,-0.13026132914226057,-0.10430376074326642,0.22986506116045416
155,482,0.3165938864088779,0.3092454834768123,0.24548352812076854,0.18996798289254802,-0.04524871244238182,-0.0948485962038931,-0.10043008607627704,-0.08996030341457273,0.1265112017910332
166,304,0.5436681221780042,0.455897980795713,0.43995749195670203,0.18783351117465422,-0.08134528009518062,-0.10456978899500616,-0.1048545692832326,-0.10452390467187311,0.10543604367624364
167,178,0.5469432313477512,0.3634431455294495,0.4930924547534052,0.14087513338099067,-0.07192432280574433,-0.05280389287815012,-0.0524505204008381,-0.05282065064794472,0.05177733874884285
162,105,0.5513100435740805,0.4718384696347239,0.5185972368958227,0.16755602985466314,-0.03956788864874105,-0.03162589612831309,-0.03125593020077918,-0.03162462769741259,0.030575089269935327
607,193,0.22707423576912625,0.0945802337781316,0.15834218913417536,0.26147278544199026,-0.05681779058323781,-0.1107104400413656,-0.11643890156169667,-0.09722286123566948,0.17832730133580751
609,314,0.164847161543933,0.11370882038494473,0.2678002124953838,0.12059765206099958,0.11717844579891158,0.15651902937441609,0.16558017296271188,0.14843677071621508,0.23795513950103078
618,559,0.17248908294000936,0.35706694999384514,0.3804463336243945,0.24759871927568056,0.4483366718147586,0.27966168478067643,0.2962507792733425,0.2810539604267217,0.376090043768825
161,621,0.18449781656241507,0.0945802337781316,0.07651434642725252,0.024546424755778676,-0.043281770024344406,-0.21135794799077173,-0.21283901050975015,-0.16398260219551197,0.41369463487463376
36,323,0.22925764188229092,0.12433581294428536,0.2678002124953838,0.04909284951155735,0.011505106462189047,0.05466795341501944,0.057983870132833085,0.05195663399550776,0.07753985353489186
25,204,0.20960698686380885,0.23591923481736196,0.19128586606813133,0.13127001065046856,-0.00857290173191595,-0.028935607465079796,-0.030504609831325833,-0.026013515053238567,0.04569966646202086
37,70,0.2772925763719138,0.19872476085966975,0.19022316681219725,0.0971184631641678,-0.05856122581947499,-0.12733940364658342,-0.13498773382991286,-0.11634166811218605,0.1862344566264227
136,16,0.4781659387830639,0.39957492023120766,0.38469713064813077,0.13660618994520307,-0.07280267719551306,-0.10062204574647973,-0.10287324744444315,-0.09999905692748234,0.10832275244865759
282,435,0.6670305675718083,0.5143464398720864,0.5164718383839546,0.1995731056230701,-0.11690275949311682,-0.1383947044362202,-0.1341469539282708,-0.13866123258883234,0.12721345848066787
616,229,0.32314410474837196,0.16153028690197757,0.3411264611548342,0.08431163285680501,-0.01893444086591024,0.022063326871497105,0.023167564605078364,0.02165773282385164,0.02707043416183737
164,384,0.565502183309651,0.43358129642109766,0.48034006368219645,0.16328708641887554,-0.08027907253707779,-0.08327434535011087,-0.08263607425350587,-0.08332851573106392,0.0814284327754166
11,479,0.2860262008245725,0.43995749195670203,0.27948990431065857,0.18463180359781353,0.02497230445056667,-0.008691724936433663,-0.009201517724519614,-0.008340737907666762,0.011557918876225185
151,530,0.22161572048621456,0.15834218913417536,0.20510095639527415,0.07790821770312363,-0.023937869060462833,-0.025281186396707553,-0.026730799109535047,-0.023045241364096025,0.0387010323121109
181,76,0.5425764191214218,0.41126461204648235,0.4527098830279108,0.13980789752204376,-0.08189665317686502,-0.09007864790044567,-0.09014923601749286,-0.09006968078028477,0.09029124761140132
623,179,0.16157205237418598,0.0828905419628569,0.14240170029516444,0.1963713980462294,-0.02738416393811189,-0.03477003020054993,-0.035766318317107276,-0.02917901889691532,0.0630637649617026
624,301,0.20633187769406183,0.24548352812076854,0.32731137082769135,0.17502668086729142,0.1659446238739432,0.16560832484493704,0.17556103325692993,0.16211581521880059,0.22670055672190362
625,395,0.39737991259597094,0.2603613177038454,0.4155154090702186,0.23265741725042396,-0.013483477088979722,0.020114534379982757,0.020719907821820368,0.02002815113486256,0.022309508721549104
164,384,0.565502183309651,0.43358129642109766,0.48034006368219645,0.16328708641887554,-0.08027907253707779,-0.08327434535011087,-0.08263607425350587,-0.08332851573106392,0.0814284327754166
6,549,0.08187772924367533,0.11370882038494473,0.0860786397306591,0.05229455708839805,0.010224755134190834,0.010250186182234894,0.009433646141792528,0.007212195050319892,0.02501039721880477
7,447,0.11353711788456312,0.21253985118681257,0.3464399574345045,0.13553895408625616,0.6288946993585183,0.3434013216280013,0.36391558092643916,0.3457854636871581,0.5063247309793365
6,367,0.17139737988342701,0.08714133898659315,0.3166843782683507,0.1088580576125837,0.18360692758401417,0.20795817519554802,0.2205569346882253,0.2031704142526244,0.2976632799544161
82,465,0.3613537117287538,0.32518597231582325,0.32199787454802103,0.16755602985466314,-0.03450038029406681,-0.04760843839513692,-0.049886496736353036,-0.04655966164930814,0.057591533076821994
456,632,0.6943231439863667,0.5526036130857127,0.524973432431427,0.2123799359304329,-0.12386426517726183,-0.1533655787988227,-0.14774823139115165,-0.15369949589397325,0.13889014784222042
453,548,0.5600436680267392,0.5472901168060423,0.6216790647214268,0.24866595513462747,0.05190255116388149,0.05669834799686399,0.054974883478698354,0.05636541395261174,0.05215677951792647
453,439,0.06986899562126961,0.06057385758824158,0.07332624865945034,0.045891141934716655,0.0009515031959824733,0.00913589507850533,0.008062546727289309,0.0060622087846028405,0.024141911078916032
448,294,0.19323144101507378,0.1721572794613182,0.0658873538679119,0.06296691567786704,-0.03617234202012717,-0.25016174310493905,-0.25162542766969664,-0.19234522313340574,0.49143157429114237
462,67,0.12336244539380416,0.0658873538679119,0.04357066949329658,0.048025613652610454,-0.02660326944156429,-0.19528722477401406,-0.17945706405091955,-0.13100520544508765,0.47795782013256366
566,391,0.1877729257321621,0.20191285862747196,0.09351753452219753,0.11739594448415888,-0.036143643987617644,-0.17771373264680332,-0.18095866826916496,-0.14185574094908793,0.33507016434419135
167,118,0.5032751090844577,0.45058448451604266,0.5345377257348336,0.15474919954730035,0.015370654764790366,0.030687675048031507,0.03049373009177814,0.030673674171850074,0.030123288205448632
623,578,0.16921397377026234,0.4495217852601086,0.1774707757409885,0.3255069369788042,0.06572094525827529,0.014022897609969736,0.01462769135660948,0.012299319736870262,0.023815742607576452
301,622,0.6528384278362379,0.5015940488008777,0.46227417633131734,0.18036286016202593,-0.12936787598544539,-0.18045965417818788,-0.17698122578900605,-0.18101060222713294,0.17089085514743513
128,535,0.18449781656241507,0.2720510095191201,0.33262486710736167,0.07684098184417673,0.24519860479767328,0.20598392696034765,0.2184479513222612,0.2025374962934816,0.28643912547526434
125,452,0.2641921396929257,0.43570669493296577,0.37407013808879014,0.22945570967358328,0.1730241881609159,0.13753327065607138,0.14479576588781648,0.13634214010531598,0.17214911008656109
29,633,0.18558951961899742,0.22529224225802133,0.1402763017832963,0.08004268942101743,-0.021396753026627857,-0.07937777226325238,-0.08230031182761413,-0.06724061782836599,0.13905059375520248
563,226,0.34716157199318337,0.24229543035296633,0.21360255044274665,0.05122732122945115,-0.07864345373321574,-0.17835249261773597,-0.18886066203955304,-0.1675027806531323,0.2381689799710892
558,5,0.10917030565823377,0.15834218913417536,0.1806588735087907,0.4076840981177154,0.11090557021081579,0.13278777013889126,0.1357654342318485,0.11469124672369646,0.2466490919534392
107,437,0.3995633187091356,0.4091392135346142,0.17109458020538412,0.0971184631641678,-0.07744294107903359,-0.3024370853685959,-0.3200834672586791,-0.28143121837035767,0.40035321327164924
7,229,0.32314410474837196,0.2720510095191201,0.26886291175131793,0.03094983990946007,-0.044631243842797284,-0.07054762141436546,-0.0745609311512677,-0.06762533569280249,0.09168858526312854
77,146,0.37117903923799483,0.35069075445824077,0.36769394255318577,0.1120597651894244,-0.006820912937410368,-0.004054423150339288,-0.004219664046384214,-0.004007270479038372,0.004716732363804032
466,604,0.6539301308928203,0.5876726885315368,0.6174282676976905,0.25186766271146815,-0.04008268425246274,-0.03237274934947307,-0.030909904226490672,-0.03220197892557408,0.028710706746643177
465,510,0.42358078595394705,0.24123273109703228,0.3007438894293398,0.2668089647367247,-0.09566301626467273,-0.14433088134973523,-0.15049428556921177,-0.14099100691384636,0.16958585180759234
462,458,0.20633187769406183,0.13708820401549413,0.09032943675439535,0.045891141934716655,-0.04668803372176063,-0.21297535260939499,-0.21841336180897145,-0.17157195071171194,0.39101333249656645
456,328,0.29475982527723116,0.2996811901734057,0.3166843782683507,0.4076840981177154,0.019901039678569418,0.028038077015350625,0.0295889720133305,0.027302137526106107,0.035856363812400836
465,208,0.16157205237418598,0.40595111576681203,0.2996811901734057,0.36392742790089255,0.2955657950138637,0.20335178169235893,0.21551193617974368,0.19696090741826933,0.2994150084411601
459,98,0.1441048034688686,0.08714133898659315,0.1668437831816479,0.08964781215153951,0.007870708958739306,0.04077741144157595,0.042059442943965804,0.03501890642345917,0.07312541770223138
456,26,0.10043668120557507,0.1721572794613182,0.07970244419505472,0.13127001065046856,-0.0017799901476160615,-0.048850830583088825,-0.04572725649576634,-0.034726880529875825,0.11509484552950108
587,599,0.08406113535684,0.27311370877505414,0.05207226354076908,0.3532550693114236,0.007568501788474308,-0.08669631814438232,-0.07542845044315274,-0.055185121962192496,0.23496455553616644
130,517,0.18995633184532676,0.25079702440043883,0.337938363387032,0.042689434357875956,0.23224707422819377,0.2036719423079962,0.2159470999885991,0.20061847463310678,0.2803195751079527
470,180,0.27620087331533144,0.39957492023120766,0.1030818278256041,0.1045891141767961,-0.042477755258593604,-0.28109789831708065,-0.2953266443541499,-0.23950096737769366,0.4564259898528874
461,75,0.1506550218083626,0.17534537722912039,0.08395324121879097,0.039487726781035265,-0.026982355722994504,-0.13770715265020342,-0.13619681266948386,-0.10481736133975017,0.28429916959483376
593,47,0.1102620087148161,0.24973432514450478,0.22848034002582351,0.105656350035743,0.2537524188099849,0.20311578416541784,0.21141818527228406,0.18603500602152245,0.3489815910488199
603,199,0.3013100436167252,0.1030818278256041,0.09989373005780192,0.13127001065046856,-0.06656222505288857,-0.3179850763419052,-0.3352417447559018,-0.2734361713281651,0.5020174728883433
613,479,0.2827510916548255,0.43358129642109766,0.26886291175131793,0.26467449301883095,0.018118888060619846,-0.018699232148540555,-0.019809618886046782,-0.0178559312204275,0.025176896936999597
5,301,0.21506550214672052,0.18172157276472475,0.27311370877505414,0.08217716113891121,0.05050164480190458,0.08307963616551206,0.0881129670574683,0.0791335739145489,0.11890510456210729
3,395,0.13100436678988053,0.2295430392817576,0.3581296492497792,0.11846318034310578,0.5505515779534922,0.3247484731076047,0.3444270256722581,0.3269649652468368,0.46433214087576397
80,601,0.11135371177139844,0.16259298615791162,0.06482465461197784,0.1045891141767961,-0.01570233418451699,-0.1108499789401439,-0.1032161827643425,-0.07711381563309172,0.2640869866290315
93,398,0.33078602614444835,0.21147715193087852,0.3166843782683507,0.16969050157255694,-0.0336439047029097,-0.017524949107253173,-0.018433850604880283,-0.01708818228639597,0.021779277442966115
105,261,0.4694323143304052,0.31987247603615293,0.3751328373447242,0.1120597651894244,-0.08418676678456426,-0.10261012524090461,-0.105199952938181,-0.1018300458544723,0.1116531724519824
218,11,0.3668122270116655,0.3060573857090101,0.2837407013343948,0.11953041620205268,-0.060804229720296005,-0.10299296303262294,-0.10830115564909665,-0.09965759335826119,0.1276917669801411
608,96,0.2980349344469782,0.11370882038494473,0.32518597231582325,0.044823906075769755,-0.01652348619501981,0.03439237000821592,0.03625841448057496,0.03358645655684411,0.0435649889753949
563,226,0.34716157199318337,0.24229543035296633,0.21360255044274665,0.05122732122945115,-0.07864345373321574,-0.17835249261773597,-0.18886066203955304,-0.1675027806531323,0.2381689799710892
558,5,0.10917030565823377,0.15834218913417536,0.1806588735087907,0.4076840981177154,0.11090557021081579,0.13278777013889126,0.1357654342318485,0.11469124672369646,0.2466490919534392
187,339,0.38427947591698286,0.42507970237362513,0.4952178532652733,0.16221985055992866,0.12488483301208246,0.11829381689153275,0.12062824850532007,0.11852986056866976,0.1261369450987224
200,439,0.565502183309651,0.4612114770753833,0.4984059510330755,0.18036286016202593,-0.06569043305197395,-0.06504948295003554,-0.0643539488034238,-0.06508210654352053,0.06306519604987848
213,620,0.585152838328133,0.4442082889804383,0.4420828904685702,0.14941302025256586,-0.10776635420943352,-0.14115990204311912,-0.14051764380499232,-0.1412730713391075,0.13927532241661983
102,476,0.17358078599659169,0.16365568541384568,0.286928799102197,0.23799359654515848,0.14660162523877832,0.16702823335149608,0.1770104779369623,0.1603819997224195,0.24613072393176966
94,358,0.3242358078049543,0.16259298615791162,0.16790648243758194,0.14194236923993755,-0.0815034129620598,-0.22283873980580815,-0.23634878209511612,-0.2031605120169483,0.3176442161564669
458,597,0.7161572051180135,0.540913921270438,0.5929861848112071,0.23372465310937088,-0.11060872385081733,-0.10764982425957505,-0.1021232123998965,-0.10741410970598175,0.09408449798898685
449,475,0.3886462881433122,0.21041445267494446,0.32199787454802103,0.07470651012628293,-0.07370668848789176,-0.07906068031078695,-0.0825773345682923,-0.0774337751680787,0.09378457316544969
442,278,0.09388646286608104,0.17321997871725225,0.0456960680051647,0.07897545356207053,-0.011040280917637162,-0.1289820896942359,-0.11301819684575513,-0.08212953764034892,0.345221885405168
442,158,0.14737991263861558,0.1891604675562632,0.04357066949329658,0.13874066166309687,-0.022079866506890207,-0.2375550090865328,-0.22535855360398385,-0.16571599816672455,0.5436161136659419
442,35,0.04585152837645819,0.18172157276472475,0.17534537722912039,0.200640341482017,0.49997798217208417,0.2753276292532946,0.26932738711604093,0.23138177167207752,0.5853969505112592
613,151,0.2205240174296322,0.17109458020538412,0.24867162588857072,0.12059765206099958,0.014243923823049174,0.041092246590302556,0.04356290406905243,0.03859135792142321,0.0599899191196941
617,284,0.92467248892524,0.3581296492497792,0.23591923481736196,0.06403415153681394,-0.169489295863658,-0.639325540133483,-0.6221418763415179,-0.6493906986212785,0.5934449643502769
623,517,0.12991266373329818,0.2231668437461532,0.14665249731890068,0.16435432227782243,0.03616876196154319,0.03183057520881977,0.032333955139351105,0.026426900340471016,0.060525435171347536
3,578,0.22379912659937923,0.2316684377936257,0.11264612112901067,0.07257203840838913,-0.04396368618744303,-0.19162738127985313,-0.19932866867882315,-0.16042650411895443,0.33036491224778664
112,5,0.4399563318026821,0.36450584478538356,0.3730074388328561,0.14407684095783135,-0.05820142092673667,-0.07425148005223396,-0.0764854083703949,-0.07358633280159477,0.0823506145277671
218,621,0.6364628819875029,0.4867162592178008,0.5005313495449436,0.18249733187991973,-0.10907135063631924,-0.12747911526324432,-0.1245551064946405,-0.12770885472004911,0.11955231717765881
442,627,0.6637554584020613,0.4123273113024164,0.473963868146592,0.15581643540624726,-0.14432366500152866,-0.1779334269695834,-0.1738305674442836,-0.17850689508259454,0.16681613482316407
142,559,0.501091702971293,0.5196599361517568,0.40382571725494393,0.16008537884203486,-0.05971470691483269,-0.10224783411026644,-0.10384805273500335,-0.10187448744519112,0.10748484369483473
136,624,0.17794759822292106,0.09245483526626347,0.06482465461197784,0.044823906075769755,-0.03919434978616568,-0.22958431636720233,-0.22844435200599025,-0.17360121859628053,0.4659440277296465
269,418,0.6844978164771257,0.5494155153179106,0.5441020190382402,0.19316969046938873,-0.11075319488609635,-0.12666224839140316,-0.121828380137876,-0.12676973651151568,0.11427209977812439
272,303,0.6244541483650972,0.5324123272229655,0.5653560041569214,0.19316969046938873,-0.05946932380142551,-0.05417925608561159,-0.052459539199035066,-0.05409907011036341,0.04966979603197327
622,549,0.22379912659937923,0.134962805503626,0.11052072261714255,0.2049092849178046,-0.053524803028088416,-0.19591133198297228,-0.20365759405890516,-0.1636190329826609,0.33882230579984934
621,447,0.1386462881859569,0.07545164717131847,0.07013815089164815,0.47918890066715764,-0.03411672394419511,-0.14992799238002502,-0.1449816852220761,-0.10962194871000597,0.3281128732350574
618,367,0.29366812222064886,0.20297555788340602,0.2975557916615376,0.19316969046938873,-0.015226798809010877,0.005056047886886964,0.005343972941992525,0.00488948442394288,0.006575541068403417
130,517,0.18995633184532676,0.25079702440043883,0.337938363387032,0.042689434357875956,0.23224707422819377,0.2036719423079962,0.2159470999885991,0.20061847463310678,0.2803195751079527
470,180,0.27620087331533144,0.39957492023120766,0.1030818278256041,0.1045891141767961,-0.042477755258593604,-0.28109789831708065,-0.2953266443541499,-0.23950096737769366,0.4564259898528874
461,75,0.1506550218083626,0.17534537722912039,0.08395324121879097,0.039487726781035265,-0.026982355722994504,-0.13770715265020342,-0.13619681266948386,-0.10481736133975017,0.28429916959483376
593,47,0.1102620087148161,0.24973432514450478,0.22848034002582351,0.105656350035743,0.2537524188099849,0.20311578416541784,0.21141818527228406,0.18603500602152245,0.3489815910488199
603,199,0.3013100436167252,0.1030818278256041,0.09989373005780192,0.13127001065046856,-0.06656222505288857,-0.3179850763419052,-0.3352417447559018,-0.2734361713281651,0.5020174728883433
613,479,0.2827510916548255,0.43358129642109766,0.26886291175131793,0.26467449301883095,0.018118888060619846,-0.018699232148540555,-0.019809618886046782,-0.0178559312204275,0.025176896936999597
11,479,0.2860262008245725,0.43995749195670203,0.27948990431065857,0.18463180359781353,0.02497230445056667,-0.008691724936433663,-0.009201517724519614,-0.008340737907666762,0.011557918876225185
151,530,0.22161572048621456,0.15834218913417536,0.20510095639527415,0.07790821770312363,-0.023937869060462833,-0.025281186396707553,-0.026730799109535047,-0.023045241364096025,0.0387010323121109
181,76,0.5425764191214218,0.41126461204648235,0.4527098830279108,0.13980789752204376,-0.08189665317686502,-0.09007864790044567,-0.09014923601749286,-0.09006968078028477,0.09029124761140132
623,179,0.16157205237418598,0.0828905419628569,0.14240170029516444,0.1963713980462294,-0.02738416393811189,-0.03477003020054993,-0.035766318317107276,-0.02917901889691532,0.0630637649617026
624,301,0.20633187769406183,0.24548352812076854,0.32731137082769135,0.17502668086729142,0.1659446238739432,0.16560832484493704,0.17556103325692993,0.16211581521880059,0.22670055672190362
625,395,0.39737991259597094,0.2603613177038454,0.4155154090702186,0.23265741725042396,-0.013483477088979722,0.020114534379982757,0.020719907821820368,0.02002815113486256,0.022309508721549104
167,118,0.5032751090844577,0.45058448451604266,0.5345377257348336,0.15474919954730035,0.015370654764790366,0.030687675048031507,0.03049373009177814,0.030673674171850074,0.030123288205448632
623,578,0.16921397377026234,0.4495217852601086,0.1774707757409885,0.3255069369788042,0.06572094525827529,0.014022897609969736,0.01462769135660948,0.012299319736870262,0.023815742607576452
3,193,0.20087336241115014,0.2922422953818673,0.23910733258516415,0.09071504801048641,0.05815819213333549,0.057640482030462445,0.06101225184968242,0.053679205741445246,0.08689721595702382
2,314,0.1877729257321621,0.2943676938937354,0.22529224225802133,0.1109925293304775,0.06158835380603676,0.05837679575095925,0.06163672067384066,0.053719294562212916,0.09082924634041571
98,382,0.28930130999431947,0.2901168968699992,0.3411264611548342,0.08751334043364571,0.04907790680113569,0.06527089757913011,0.06876782619246888,0.06405285234034475,0.08220504477403805
301,7,0.0982532750924104,0.0658873538679119,0.07757704568318659,0.05442902880629185,-0.018169259340170947,-0.049307391339163606,-0.04589003828237359,-0.03475268122278585,0.11758523574004882
285,80,0.332969432257613,0.32837407008362546,0.4123273113024164,0.17716115258518522,0.07747680562232023,0.09192266503688179,0.09558836936869358,0.09158049292372505,0.1064768242359174
289,139,0.43013100429344103,0.38257173213626267,0.39638682246340545,0.16648879399571623,-0.03364239999995322,-0.03711677380507896,-0.03815696773758742,-0.03688575674831429,0.04082643721335534
301,357,0.5873362444412977,0.4760892666584602,0.5281615301992293,0.18783351117465422,-0.0625769238248164,-0.056027323315381156,-0.0549437602197538,-0.056027367377241566,0.05304733414884014
323,631,0.7358078601364956,0.4984059510330755,0.5855472900196687,0.2166488793662205,-0.13344299468900173,-0.13071746243359075,-0.12374830886317865,-0.1305670384245443,0.11371616153587777
621,573,0.16703056765709767,0.21679064821054883,0.16471838466977975,0.36712913547773324,0.007989630962393888,-0.004014310331351006,-0.004169807873392934,-0.003469386577691025,0.0069694677225413774
620,493,0.31768558946546027,0.6110520721620861,0.21997874597835101,0.4215581642840251,-0.013496776336961317,-0.13324943325597063,-0.14123918642848132,-0.12487810722512749,0.18172124752508864
621,390,0.33078602614444835,0.3432518596667023,0.33262486710736167,0.16969050157255694,0.003986149989935641,0.0022576038443726924,0.0023708097694204104,0.002211414016459967,0.002771744284865122
442,627,0.6637554584020613,0.4123273113024164,0.473963868146592,0.15581643540624726,-0.14432366500152866,-0.1779334269695834,-0.1738305674442836,-0.17850689508259454,0.16681613482316407
102,476,0.17358078599659169,0.16365568541384568,0.286928799102197,0.23799359654515848,0.14660162523877832,0.16702823335149608,0.1770104779369623,0.1603819997224195,0.24613072393176966
94,358,0.3242358078049543,0.16259298615791162,0.16790648243758194,0.14194236923993755,-0.0815034129620598,-0.22283873980580815,-0.23634878209511612,-0.2031605120169483,0.3176442161564669
458,597,0.7161572051180135,0.540913921270438,0.5929861848112071,0.23372465310937088,-0.11060872385081733,-0.10764982425957505,-0.1021232123998965,-0.10741410970598175,0.09408449798898685
449,475,0.3886462881433122,0.21041445267494446,0.32199787454802103,0.07470651012628293,-0.07370668848789176,-0.07906068031078695,-0.0825773345682923,-0.0774337751680787,0.09378457316544969
442,278,0.09388646286608104,0.17321997871725225,0.0456960680051647,0.07897545356207053,-0.011040280917637162,-0.1289820896942359,-0.11301819684575513,-0.08212953764034892,0.345221885405168
442,158,0.14737991263861558,0.1891604675562632,0.04357066949329658,0.13874066166309687,-0.022079866506890207,-0.2375550090865328,-0.22535855360398385,-0.16571599816672455,0.5436161136659419
442,35,0.04585152837645819,0.18172157276472475,0.17534537722912039,0.200640341482017,0.49997798217208417,0.2753276292532946,0.26932738711604093,0.23138177167207752,0.5853969505112592
2,284,0.27292576414558445,0.13283740699175786,0.17109458020538412,0.08537886871575191,-0.06863110429167303,-0.15281798534416985,-0.16180282481988678,-0.13762681861119896,0.2293338444464581
6,517,0.12117903928063949,0.1402763017832963,0.13708820401549413,0.042689434357875956,0.018717615995684465,0.03130433723970724,0.0314710203653755,0.025481275686093596,0.061597265614755786
112,610,0.2663755458060904,0.2826780020784607,0.49202975549747113,0.1045891141767961,0.3394596032661312,0.259113415247515,0.26897425234278793,0.26208824621344395,0.2975338265855943
113,370,0.32314410474837196,0.25079702440043883,0.38257173213626267,0.1099252934715306,0.03915367955957782,0.07074085785246353,0.07393175618869324,0.07012011899851645,0.08420779858860365
102,120,0.4956331876883813,0.36238044627351546,0.37407013808879014,0.12379935963784028,-0.09351013028031559,-0.1303507468579869,-0.1331260868301798,-0.1294858896098996,0.13977370263336794
323,67,0.18668122267557974,0.17640807648505444,0.11689691815274691,0.039487726781035265,-0.03624292507581982,-0.12665296587278152,-0.13026132914226057,-0.10430376074326642,0.22986506116045416
142,559,0.501091702971293,0.5196599361517568,0.40382571725494393,0.16008537884203486,-0.05971470691483269,-0.10224783411026644,-0.10384805273500335,-0.10187448744519112,0.10748484369483473
136,624,0.17794759822292106,0.09245483526626347,0.06482465461197784,0.044823906075769755,-0.03919434978616568,-0.22958431636720233,-0.22844435200599025,-0.17360121859628053,0.4659440277296465
269,418,0.6844978164771257,0.5494155153179106,0.5441020190382402,0.19316969046938873,-0.11075319488609635,-0.12666224839140316,-0.121828380137876,-0.12676973651151568,0.11427209977812439
272,303,0.6244541483650972,0.5324123272229655,0.5653560041569214,0.19316969046938873,-0.05946932380142551,-0.05417925608561159,-0.052459539199035066,-0.05409907011036341,0.04966979603197327
622,549,0.22379912659937923,0.134962805503626,0.11052072261714255,0.2049092849178046,-0.053524803028088416,-0.19591133198297228,-0.20365759405890516,-0.1636190329826609,0.33882230579984934
621,447,0.1386462881859569,0.07545164717131847,0.07013815089164815,0.47918890066715764,-0.03411672394419511,-0.14992799238002502,-0.1449816852220761,-0.10962194871000597,0.3281128732350574
618,367,0.29366812222064886,0.20297555788340602,0.2975557916615376,0.19316969046938873,-0.015226798809010877,0.005056047886886964,0.005343972941992525,0.00488948442394288,0.006575541068403417
187,339,0.38427947591698286,0.42507970237362513,0.4952178532652733,0.16221985055992866,0.12488483301208246,0.11829381689153275,0.12062824850532007,0.11852986056866976,0.1261369450987224
200,439,0.565502183309651,0.4612114770753833,0.4984059510330755,0.18036286016202593,-0.06569043305197395,-0.06504948295003554,-0.0643539488034238,-0.06508210654352053,0.06306519604987848
213,620,0.585152838328133,0.4442082889804383,0.4420828904685702,0.14941302025256586,-0.10776635420943352,-0.14115990204311912,-0.14051764380499232,-0.1412730713391075,0.13927532241661983
6,549,0.08187772924367533,0.11370882038494473,0.0860786397306591,0.05229455708839805,0.010224755134190834,0.010250186182234894,0.009433646141792528,0.007212195050319892,0.02501039721880477
7,447,0.11353711788456312,0.21253985118681257,0.3464399574345045,0.13553895408625616,0.6288946993585183,0.3434013216280013,0.36391558092643916,0.3457854636871581,0.5063247309793365
6,367,0.17139737988342701,0.08714133898659315,0.3166843782683507,0.1088580576125837,0.18360692758401417,0.20795817519554802,0.2205569346882253,0.2031704142526244,0.2976632799544161
82,465,0.3613537117287538,0.32518597231582325,0.32199787454802103,0.16755602985466314,-0.03450038029406681,-0.04760843839513692,-0.049886496736353036,-0.04655966164930814,0.057591533076821994
456,632,0.6943231439863667,0.5526036130857127,0.524973432431427,0.2123799359304329,-0.12386426517726183,-0.1533655787988227,-0.14774823139115165,-0.15369949589397325,0.13889014784222042
453,548,0.5600436680267392,0.5472901168060423,0.6216790647214268,0.24866595513462747,0.05190255116388149,0.05669834799686399,0.054974883478698354,0.05636541395261174,0.05215677951792647
453,439,0.06986899562126961,0.06057385758824158,0.07332624865945034,0.045891141934716655,0.0009515031959824733,0.00913589507850533,0.008062546727289309,0.0060622087846028405,0.024141911078916032
448,294,0.19323144101507378,0.1721572794613182,0.0658873538679119,0.06296691567786704,-0.03617234202012717,-0.25016174310493905,-0.25162542766969664,-0.19234522313340574,0.49143157429114237
462,67,0.12336244539380416,0.0658873538679119,0.04357066949329658,0.048025613652610454,-0.02660326944156429,-0.19528722477401406,-0.17945706405091955,-0.13100520544508765,0.47795782013256366
566,391,0.1877729257321621,0.20191285862747196,0.09351753452219753,0.11739594448415888,-0.036143643987617644,-0.17771373264680332,-0.18095866826916496,-0.14185574094908793,0.33507016434419135
563,226,0.34716157199318337,0.24229543035296633,0.21360255044274665,0.05122732122945115,-0.07864345373321574,-0.17835249261773597,-0.18886066203955304,-0.1675027806531323,0.2381689799710892
558,5,0.10917030565823377,0.15834218913417536,0.1806588735087907,0.4076840981177154,0.11090557021081579,0.13278777013889126,0.1357654342318485,0.11469124672369646,0.2466490919534392
161,621,0.18449781656241507,0.0945802337781316,0.07651434642725252,0.024546424755778676,-0.043281770024344406,-0.21135794799077173,-0.21283901050975015,-0.16398260219551197,0.41369463487463376
36,323,0.22925764188229092,0.12433581294428536,0.2678002124953838,0.04909284951155735,0.011505106462189047,0.05466795341501944,0.057983870132833085,0.05195663399550776,0.07753985353489186
25,204,0.20960698686380885,0.23591923481736196,0.19128586606813133,0.13127001065046856,-0.00857290173191595,-0.028935607465079796,-0.030504609831325833,-0.026013515053238567,0.04569966646202086
37,70,0.2772925763719138,0.19872476085966975,0.19022316681219725,0.0971184631641678,-0.05856122581947499,-0.12733940364658342,-0.13498773382991286,-0.11634166811218605,0.1862344566264227
136,16,0.4781659387830639,0.39957492023120766,0.38469713064813077,0.13660618994520307,-0.07280267719551306,-0.10062204574647973,-0.10287324744444315,-0.09999905692748234,0.10832275244865759
282,435,0.6670305675718083,0.5143464398720864,0.5164718383839546,0.1995731056230701,-0.11690275949311682,-0.1383947044362202,-0.1341469539282708,-0.13866123258883234,0.12721345848066787
616,229,0.32314410474837196,0.16153028690197757,0.3411264611548342,0.08431163285680501,-0.01893444086591024,0.022063326871497105,0.023167564605078364,0.02165773282385164,0.02707043416183737
613,151,0.2205240174296322,0.17109458020538412,0.24867162588857072,0.12059765206099958,0.014243923823049174,0.041092246590302556,0.04356290406905243,0.03859135792142321,0.0599899191196941
617,284,0.92467248892524,0.3581296492497792,0.23591923481736196,0.06403415153681394,-0.169489295863658,-0.639325540133483,-0.6221418763415179,-0.6493906986212785,0.5934449643502769
623,517,0.12991266373329818,0.2231668437461532,0.14665249731890068,0.16435432227782243,0.03616876196154319,0.03183057520881977,0.032333955139351105,0.026426900340471016,0.060525435171347536
558,614,0.12117903928063949,0.11795961740868098,0.05632306056450533,0.045891141934716655,-0.024412894311068554,-0.15393452514678385,-0.14359000740628777,-0.1064041109436088,0.365360893506299
29,29,0.29475982527723116,0.14665249731890068,0.236981934073296,0.09391675558732711,-0.06097506373514824,-0.07923323346642608,-0.08399972970060167,-0.0746203052373503,0.1086558016852829
26,202,0.32096069863520726,0.21572794895461478,0.36238044627351546,0.1013874065999554,0.013648929711006128,0.05010550597997674,0.05250311116258177,0.049447149498093035,0.06061268026460223
107,437,0.3995633187091356,0.4091392135346142,0.17109458020538412,0.0971184631641678,-0.07744294107903359,-0.3024370853685959,-0.3200834672586791,-0.28143121837035767,0.40035321327164924
7,229,0.32314410474837196,0.2720510095191201,0.26886291175131793,0.03094983990946007,-0.044631243842797284,-0.07054762141436546,-0.0745609311512677,-0.06762533569280249,0.09168858526312854
77,146,0.37117903923799483,0.35069075445824077,0.36769394255318577,0.1120597651894244,-0.006820912937410368,-0.004054423150339288,-0.004219664046384214,-0.004007270479038372,0.004716732363804032
466,604,0.6539301308928203,0.5876726885315368,0.6174282676976905,0.25186766271146815,-0.04008268425246274,-0.03237274934947307,-0.030909904226490672,-0.03220197892557408,0.028710706746643177
465,510,0.42358078595394705,0.24123273109703228,0.3007438894293398,0.2668089647367247,-0.09566301626467273,-0.14433088134973523,-0.15049428556921177,-0.14099100691384636,0.16958585180759234
462,458,0.20633187769406183,0.13708820401549413,0.09032943675439535,0.045891141934716655,-0.04668803372176063,-0.21297535260939499,-0.21841336180897145,-0.17157195071171194,0.39101333249656645
456,328,0.29475982527723116,0.2996811901734057,0.3166843782683507,0.4076840981177154,0.019901039678569418,0.028038077015350625,0.0295889720133305,0.027302137526106107,0.035856363812400836
465,208,0.16157205237418598,0.40595111576681203,0.2996811901734057,0.36392742790089255,0.2955657950138637,0.20335178169235893,0.21551193617974368,0.19696090741826933,0.2994150084411601
459,98,0.1441048034688686,0.08714133898659315,0.1668437831816479,0.08964781215153951,0.007870708958739306,0.04077741144157595,0.042059442943965804,0.03501890642345917,0.07312541770223138
456,26,0.10043668120557507,0.1721572794613182,0.07970244419505472,0.13127001065046856,-0.0017799901476160615,-0.048850830583088825,-0.04572725649576634,-0.034726880529875825,0.11509484552950108
587,599,0.08406113535684,0.27311370877505414,0.05207226354076908,0.3532550693114236,0.007568501788474308,-0.08669631814438232,-0.07542845044315274,-0.055185121962192496,0.23496455553616644
161,621,0.18449781656241507,0.0945802337781316,0.07651434642725252,0.024546424755778676,-0.043281770024344406,-0.21135794799077173,-0.21283901050975015,-0.16398260219551197,0.41369463487463376
36,323,0.22925764188229092,0.12433581294428536,0.2678002124953838,0.04909284951155735,0.011505106462189047,0.05466795341501944,0.057983870132833085,0.05195663399550776,0.07753985353489186
25,204,0.20960698686380885,0.23591923481736196,0.19128586606813133,0.13127001065046856,-0.00857290173191595,-0.028935607465079796,-0.030504609831325833,-0.026013515053238567,0.04569966646202086
37,70,0.2772925763719138,0.19872476085966975,0.19022316681219725,0.0971184631641678,-0.05856122581947499,-0.12733940364658342,-0.13498773382991286,-0.11634166811218605,0.1862344566264227
136,16,0.4781659387830639,0.39957492023120766,0.38469713064813077,0.13660618994520307,-0.07280267719551306,-0.10062204574647973,-0.10287324744444315,-0.09999905692748234,0.10832275244865759
282,435,0.6670305675718083,0.5143464398720864,0.5164718383839546,0.1995731056230701,-0.11690275949311682,-0.1383947044362202,-0.1341469539282708,-0.13866123258883234,0.12721345848066787
616,229,0.32314410474837196,0.16153028690197757,0.3411264611548342,0.08431163285680501,-0.01893444086591024,0.022063326871497105,0.023167564605078364,0.02165773282385164,0.02707043416183737
613,151,0.2205240174296322,0.17109458020538412,0.24867162588857072,0.12059765206099958,0.014243923823049174,0.041092246590302556,0.04356290406905243,0.03859135792142321,0.0599899191196941
617,284,0.92467248892524,0.3581296492497792,0.23591923481736196,0.06403415153681394,-0.169489295863658,-0.639325540133483,-0.6221418763415179,-0.6493906986212785,0.5934449643502769
623,517,0.12991266373329818,0.2231668437461532,0.14665249731890068,0.16435432227782243,0.03616876196154319,0.03183057520881977,0.032333955139351105,0.026426900340471016,0.060525435171347536
187,339,0.38427947591698286,0.42507970237362513,0.4952178532652733,0.16221985055992866,0.12488483301208246,0.11829381689153275,0.12062824850532007,0.11852986056866976,0.1261369450987224
200,439,0.565502183309651,0.4612114770753833,0.4984059510330755,0.18036286016202593,-0.06569043305197395,-0.06504948295003554,-0.0643539488034238,-0.06508210654352053,0.06306519604987848
213,620,0.585152838328133,0.4442082889804383,0.4420828904685702,0.14941302025256586,-0.10776635420943352,-0.14115990204311912,-0.14051764380499232,-0.1412730713391075,0.13927532241661983
5,301,0.21506550214672052,0.18172157276472475,0.27311370877505414,0.08217716113891121,0.05050164480190458,0.08307963616551206,0.0881129670574683,0.0791335739145489,0.11890510456210729
3,395,0.13100436678988053,0.2295430392817576,0.3581296492497792,0.11846318034310578,0.5505515779534922,0.3247484731076047,0.3444270256722581,0.3269649652468368,0.46433214087576397
80,601,0.11135371177139844,0.16259298615791162,0.06482465461197784,0.1045891141767961,-0.01570233418451699,-0.1108499789401439,-0.1032161827643425,-0.07711381563309172,0.2640869866290315
93,398,0.33078602614444835,0.21147715193087852,0.3166843782683507,0.16969050157255694,-0.0336439047029097,-0.017524949107253173,-0.018433850604880283,-0.01708818228639597,0.021779277442966115
105,261,0.4694323143304052,0.31987247603615293,0.3751328373447242,0.1120597651894244,-0.08418676678456426,-0.10261012524090461,-0.105199952938181,-0.1018300458544723,0.1116531724519824
218,11,0.3668122270116655,0.3060573857090101,0.2837407013343948,0.11953041620205268,-0.060804229720296005,-0.10299296303262294,-0.10830115564909665,-0.09965759335826119,0.1276917669801411
608,96,0.2980349344469782,0.11370882038494473,0.32518597231582325,0.044823906075769755,-0.01652348619501981,0.03439237000821592,0.03625841448057496,0.03358645655684411,0.0435649889753949
155,482,0.3165938864088779,0.3092454834768123,0.24548352812076854,0.18996798289254802,-0.04524871244238182,-0.0948485962038931,-0.10043008607627704,-0.08996030341457273,0.1265112017910332
166,304,0.5436681221780042,0.455897980795713,0.43995749195670203,0.18783351117465422,-0.08134528009518062,-0.10456978899500616,-0.1048545692832326,-0.10452390467187311,0.10543604367624364
167,178,0.5469432313477512,0.3634431455294495,0.4930924547534052,0.14087513338099067,-0.07192432280574433,-0.05280389287815012,-0.0524505204008381,-0.05282065064794472,0.05177733874884285
162,105,0.5513100435740805,0.4718384696347239,0.5185972368958227,0.16755602985466314,-0.03956788864874105,-0.03162589612831309,-0.03125593020077918,-0.03162462769741259,0.030575089269935327
607,193,0.22707423576912625,0.0945802337781316,0.15834218913417536,0.26147278544199026,-0.05681779058323781,-0.1107104400413656,-0.11643890156169667,-0.09722286123566948,0.17832730133580751
609,314,0.164847161543933,0.11370882038494473,0.2678002124953838,0.12059765206099958,0.11717844579891158,0.15651902937441609,0.16558017296271188,0.14843677071621508,0.23795513950103078
618,559,0.17248908294000936,0.35706694999384514,0.3804463336243945,0.24759871927568056,0.4483366718147586,0.27966168478067643,0.2962507792733425,0.2810539604267217,0.376090043768825
442,627,0.6637554584020613,0.4123273113024164,0.473963868146592,0.15581643540624726,-0.14432366500152866,-0.1779334269695834,-0.1738305674442836,-0.17850689508259454,0.16681613482316407
130,517,0.18995633184532676,0.25079702440043883,0.337938363387032,0.042689434357875956,0.23224707422819377,0.2036719423079962,0.2159470999885991,0.20061847463310678,0.2803195751079527
470,180,0.27620087331533144,0.39957492023120766,0.1030818278256041,0.1045891141767961,-0.042477755258593604,-0.28109789831708065,-0.2953266443541499,-0.23950096737769366,0.4564259898528874
461,75,0.1506550218083626,0.17534537722912039,0.08395324121879097,0.039487726781035265,-0.026982355722994504,-0.13770715265020342,-0.13619681266948386,-0.10481736133975017,0.28429916959483376
593,47,0.1102620087148161,0.24973432514450478,0.22848034002582351,0.105656350035743,0.2537524188099849,0.20311578416541784,0.21141818527228406,0.18603500602152245,0.3489815910488199
603,199,0.3013100436167252,0.1030818278256041,0.09989373005780192,0.13127001065046856,-0.06656222505288857,-0.3179850763419052,-0.3352417447559018,-0.2734361713281651,0.5020174728883433
613,479,0.2827510916548255,0.43358129642109766,0.26886291175131793,0.26467449301883095,0.018118888060619846,-0.018699232148540555,-0.019809618886046782,-0.0178559312204275,0.025176896936999597
11,479,0.2860262008245725,0.43995749195670203,0.27948990431065857,0.18463180359781353,0.02497230445056667,-0.008691724936433663,-0.009201517724519614,-0.008340737907666762,0.011557918876225185
151,530,0.22161572048621456,0.15834218913417536,0.20510095639527415,0.07790821770312363,-0.023937869060462833,-0.025281186396707553,-0.026730799109535047,-0.023045241364096025,0.0387010323121109
181,76,0.5425764191214218,0.41126461204648235,0.4527098830279108,0.13980789752204376,-0.08189665317686502,-0.09007864790044567,-0.09014923601749286,-0.09006968078028477,0.09029124761140132
623,179,0.16157205237418598,0.0828905419628569,0.14240170029516444,0.1963713980462294,-0.02738416393811189,-0.03477003020054993,-0.035766318317107276,-0.02917901889691532,0.0630637649617026
624,301,0.20633187769406183,0.24548352812076854,0.32731137082769135,0.17502668086729142,0.1659446238739432,0.16560832484493704,0.17556103325692993,0.16211581521880059,0.22670055672190362
625,395,0.39737991259597094,0.2603613177038454,0.4155154090702186,0.23265741725042396,-0.013483477088979722,0.020114534379982757,0.020719907821820368,0.02002815113486256,0.022309508721549104
558,614,0.12117903928063949,0.11795961740868098,0.05632306056450533,0.045891141934716655,-0.024412894311068554,-0.15393452514678385,-0.14359000740628777,-0.1064041109436088,0.365360893506299
29,29,0.29475982527723116,0.14665249731890068,0.236981934073296,0.09391675558732711,-0.06097506373514824,-0.07923323346642608,-0.08399972970060167,-0.0746203052373503,0.1086558016852829
26,202,0.32096069863520726,0.21572794895461478,0.36238044627351546,0.1013874065999554,0.013648929711006128,0.05010550597997674,0.05250311116258177,0.049447149498093035,0.06061268026460223
167,118,0.5032751090844577,0.45058448451604266,0.5345377257348336,0.15474919954730035,0.015370654764790366,0.030687675048031507,0.03049373009177814,0.030673674171850074,0.030123288205448632
623,578,0.16921397377026234,0.4495217852601086,0.1774707757409885,0.3255069369788042,0.06572094525827529,0.014022897609969736,0.01462769135660948,0.012299319736870262,0.023815742607576452
3,193,0.20087336241115014,0.2922422953818673,0.23910733258516415,0.09071504801048641,0.05815819213333549,0.057640482030462445,0.06101225184968242,0.053679205741445246,0.08689721595702382
2,314,0.1877729257321621,0.2943676938937354,0.22529224225802133,0.1109925293304775,0.06158835380603676,0.05837679575095925,0.06163672067384066,0.053719294562212916,0.09082924634041571
98,382,0.28930130999431947,0.2901168968699992,0.3411264611548342,0.08751334043364571,0.04907790680113569,0.06527089757913011,0.06876782619246888,0.06405285234034475,0.08220504477403805
301,7,0.0982532750924104,0.0658873538679119,0.07757704568318659,0.05442902880629185,-0.018169259340170947,-0.049307391339163606,-0.04589003828237359,-0.03475268122278585,0.11758523574004882
285,80,0.332969432257613,0.32837407008362546,0.4123273113024164,0.17716115258518522,0.07747680562232023,0.09192266503688179,0.09558836936869358,0.09158049292372505,0.1064768242359174
289,139,0.43013100429344103,0.38257173213626267,0.39638682246340545,0.16648879399571623,-0.03364239999995322,-0.03711677380507896,-0.03815696773758742,-0.03688575674831429,0.04082643721335534
301,357,0.5873362444412977,0.4760892666584602,0.5281615301992293,0.18783351117465422,-0.0625769238248164,-0.056027323315381156,-0.0549437602197538,-0.056027367377241566,0.05304733414884014
323,631,0.7358078601364956,0.4984059510330755,0.5855472900196687,0.2166488793662205,-0.13344299468900173,-0.13071746243359075,-0.12374830886317865,-0.1305670384245443,0.11371616153587777
621,573,0.16703056765709767,0.21679064821054883,0.16471838466977975,0.36712913547773324,0.007989630962393888,-0.004014310331351006,-0.004169807873392934,-0.003469386577691025,0.0069694677225413774
620,493,0.31768558946546027,0.6110520721620861,0.21997874597835101,0.4215581642840251,-0.013496776336961317,-0.13324943325597063,-0.14123918642848132,-0.12487810722512749,0.18172124752508864
621,390,0.33078602614444835,0.3432518596667023,0.33262486710736167,0.16969050157255694,0.003986149989935641,0.0022576038443726924,0.0023708097694204104,0.002211414016459967,0.002771744284865122
128,535,0.18449781656241507,0.2720510095191201,0.33262486710736167,0.07684098184417673,0.24519860479767328,0.20598392696034765,0.2184479513222612,0.2025374962934816,0.28643912547526434
125,452,0.2641921396929257,0.43570669493296577,0.37407013808879014,0.22945570967358328,0.1730241881609159,0.13753327065607138,0.14479576588781648,0.13634214010531598,0.17214911008656109
29,633,0.18558951961899742,0.22529224225802133,0.1402763017832963,0.08004268942101743,-0.021396753026627857,-0.07937777226325238,-0.08230031182761413,-0.06724061782836599,0.13905059375520248
142,559,0.501091702971293,0.5196599361517568,0.40382571725494393,0.16008537884203486,-0.05971470691483269,-0.10224783411026644,-0.10384805273500335,-0.10187448744519112,0.10748484369483473
136,624,0.17794759822292106,0.09245483526626347,0.06482465461197784,0.044823906075769755,-0.03919434978616568,-0.22958431636720233,-0.22844435200599025,-0.17360121859628053,0.4659440277296465
269,418,0.6844978164771257,0.5494155153179106,0.5441020190382402,0.19316969046938873,-0.11075319488609635,-0.12666224839140316,-0.121828380137876,-0.12676973651151568,0.11427209977812439
272,303,0.6244541483650972,0.5324123272229655,0.5653560041569214,0.19316969046938873,-0.05946932380142551,-0.05417925608561159,-0.052459539199035066,-0.05409907011036341,0.04966979603197327
622,549,0.22379912659937923,0.134962805503626,0.11052072261714255,0.2049092849178046,-0.053524803028088416,-0.19591133198297228,-0.20365759405890516,-0.1636190329826609,0.33882230579984934
621,447,0.1386462881859569,0.07545164717131847,0.07013815089164815,0.47918890066715764,-0.03411672394419511,-0.14992799238002502,-0.1449816852220761,-0.10962194871000597,0.3281128732350574
618,367,0.29366812222064886,0.20297555788340602,0.2975557916615376,0.19316969046938873,-0.015226798809010877,0.005056047886886964,0.005343972941992525,0.00488948442394288,0.006575541068403417
501,102,0.25982532746659637,0.3007438894293398,0.3528161529701089,0.1141942369073182,0.11212595978400505,0.11880465623466417,0.12536384839429532,0.1170759117291279,0.15178425656822106
275,579,0.6353711789309205,0.48565355996186677,0.6036131773705478,0.18463180359781353,-0.05258253452902994,-0.02853110710422379,-0.027393427517477295,-0.028410702624803053,0.025632086603105467
264,41,0.4039301309354649,0.36769394255318577,0.4867162592178008,0.16435432227782243,0.07106830659730133,0.08772079367229281,0.0892953963406677,0.08780764733081392,0.09294958527857408
394,482,0.24999999995735533,0.15940488839010944,0.0945802337781316,0.09605122730522091,-0.053891490633055254,-0.26476146247166793,-0.27602693142627155,-0.22050576690269108,0.45102777727057464
396,564,0.6026200872334504,0.44845908600417456,0.4867162592178008,0.13020277479152167,-0.09978981259631713,-0.11104900074143773,-0.1093881690399946,-0.11119838374786584,0.10639755661689078
300,381,0.6397379911572499,0.524973432431427,0.6110520721620861,0.2091782283535922,-0.04384268237924946,-0.02564921248814752,-0.024576649960465928,-0.02552544011639779,0.022934014273532765
295,206,0.332969432257613,0.25611052068010914,0.2656748139835157,0.16328708641887554,-0.05521867967309815,-0.08697458308608187,-0.09187780462911092,-0.08335238111046173,0.11240983704211906
291,148,0.2805676855416608,0.27630180654285635,0.31349628050054856,0.12806830307362788,0.02848028431736159,0.04272216010245142,0.04514587115317462,0.04153840101717354,0.055428475172924624
279,89,0.46179039293432883,0.4197662060939548,0.46227417633131734,0.15154749197045966,-0.008026034017103946,0.0005032634611056257,0.0005095742113952837,0.0005028790765930768,0.0005235303976122632
406,27,0.06441048033835793,0.11795961740868098,0.06057385758824158,0.3094983990946007,0.00718430675306743,-0.010851847506904688,-0.009207972841584327,-0.006802817129402339,0.03069435490776507
407,297,0.2925764191640665,0.3868225291599989,0.2890541976140651,0.44397011732191,0.0158378810540693,-0.004618409789213725,-0.004884589830234806,-0.004451329169075979,0.006055710607649594
572,73,0.38973799119989455,0.23060573853769165,0.10520722633747223,0.19530416218728253,-0.07003532178519115,-0.4044327012931634,-0.4289601443692002,-0.36192115393248614,0.5748616090996066
571,208,0.16921397377026234,0.15940488839010944,0.16471838466977975,0.18569903945676042,-0.005410301497328352,-0.007779488146191271,-0.008086153948803528,-0.0067290910893291755,0.013462175901561502
559,249,0.2543668121836847,0.31562167901241667,0.24017003184109822,0.1045891141767961,0.0008436412225044377,-0.020187671763465607,-0.021411937530353163,-0.018938157184793858,0.028706650126049546
599,270,0.2347161571652026,0.1115834218730766,0.19659936234780165,0.24653148341673367,-0.0461667939955108,-0.05803818471888823,-0.061391204443337594,-0.05272317636914603,0.08837129768116934
567,300,0.5895196505544623,0.25929861844791136,0.43570669493296577,0.13553895408625616,-0.13975510321249784,-0.15190811422609565,-0.15126800599881132,-0.15203084938011724,0.1500268440554392
575,544,0.08842794758316935,0.21997874597835101,0.1806588735087907,0.37780149406720226,0.2044714292174354,0.1777961264656685,0.17988163465607193,0.1526109199371043,0.3427425297496128
577,617,0.11790393011089247,0.06801275237978002,0.031880977678021886,0.06616862325470774,-0.021304630930613536,-0.22226232250714714,-0.19857717521389845,-0.14261386329678538,0.5742715789278645
579,140,0.23034934493887327,0.2348565355614279,0.11583421889681285,0.16115261470098174,-0.045613079027671456,-0.19462712026357626,-0.20299455712559172,-0.1640901594226395,0.3307835160945797
577,13,0.20742358075064415,0.10520722633747223,0.09883103080186785,0.19210245461044181,-0.05113097119515898,-0.19622377775622074,-0.20202899553675857,-0.159973103532297,0.3545710015097416
475,108,0.21943231437304989,0.20935175341901038,0.27948990431065857,0.046958377793663554,0.058625477998414735,0.08502510177459736,0.09018268753359916,0.08128555010501248,0.12037225078656723
593,235,0.36899563312483014,0.2518597236563729,0.19553666309186757,0.3351120597093263,-0.08594704525564187,-0.23085992389417342,-0.24441346548337606,-0.2158848688561692,0.30725595706223563
278,633,0.6844978164771257,0.5504782145738446,0.5589798086213171,0.18569903945676042,-0.10388848892245525,-0.11256033243640501,-0.10798874497003494,-0.11254666690278059,0.10094031150020374
266,566,0.6233624453085148,0.40807651427868014,0.5993623803468114,0.2102454642125391,-0.0598592957256593,-0.021704310125678857,-0.020897048723595924,-0.02161832461604285,0.019628171807024825
356,112,0.1015283842621574,0.14558979806296662,0.07970244419505472,0.2123799359304329,-0.006788606023784091,-0.05126782891706742,-0.04805776132570565,-0.03650109573829141,0.12042506998971474
249,248,0.6517467247796556,0.4962805525212074,0.5462274175501083,0.18783351117465422,-0.09680609994308861,-0.09640655835295901,-0.09321584443921752,-0.09641448705764821,0.08808075590772002
233,146,0.6189956330821855,0.4548352815397789,0.489904356985603,0.17929562430307902,-0.10771867899955578,-0.12258821148405538,-0.12035284765812482,-0.12279199188177503,0.11641275533975105
243,54,0.417030567614453,0.3613177470175814,0.3411264611548342,0.12486659549678718,-0.05878406957268921,-0.08717316188724675,-0.09049367083739937,-0.08585893468525885,0.10011527756675624
474,121,0.2663755458060904,0.13708820401549413,0.09776833154593378,0.06083244395997324,-0.05899568279971472,-0.2794046694202004,-0.29266871804044353,-0.23562316688949403,0.4630108732494377
490,279,0.1441048034688686,0.3730074388328561,0.24973432514450478,0.32977588041459177,0.2257673794478214,0.1683140462263708,0.17726065198662783,0.157414714047713,0.2681979291871074
249,248,0.6517467247796556,0.4962805525212074,0.5462274175501083,0.18783351117465422,-0.09680609994308861,-0.09640655835295901,-0.09321584443921752,-0.09641448705764821,0.08808075590772002
233,146,0.6189956330821855,0.4548352815397789,0.489904356985603,0.17929562430307902,-0.10771867899955578,-0.12258821148405538,-0.12035284765812482,-0.12279199188177503,0.11641275533975105
243,54,0.417030567614453,0.3613177470175814,0.3411264611548342,0.12486659549678718,-0.05878406957268921,-0.08717316188724675,-0.09049367083739937,-0.08585893468525885,0.10011527756675624
474,121,0.2663755458060904,0.13708820401549413,0.09776833154593378,0.06083244395997324,-0.05899568279971472,-0.2794046694202004,-0.29266871804044353,-0.23562316688949403,0.4630108732494377
490,279,0.1441048034688686,0.3730074388328561,0.24973432514450478,0.32977588041459177,0.2257673794478214,0.1683140462263708,0.17726065198662783,0.157414714047713,0.2681979291871074
274,218,0.42358078595394705,0.35387885222604293,0.4718384696347239,0.13340448236836236,0.02747522454388063,0.05099772373592108,0.05187401556876972,0.05099393658871332,0.05389334700226257
544,112,0.12554585150696884,0.08501594047472504,0.04144527098142845,0.03415154748630077,-0.024884635351313293,-0.2057971122171067,-0.18913141015519347,-0.13779263299537414,0.5035928918688408
428,34,0.10917030565823377,0.5462274175501083,0.17109458020538412,0.26787620059567163,0.21461331227802447,0.11696848527887373,0.1190431987253074,0.09967583850726269,0.22094123383717218
426,200,0.24999999995735533,0.320935175292087,0.1264612114561535,0.17075773743150383,-0.04281501517022293,-0.2013434320077706,-0.2114253001545107,-0.17324575673250753,0.32814937650446796
275,559,0.6441048033835792,0.46014877781944924,0.5770456959721961,0.18569903945676042,-0.08102148150890495,-0.06068360355185669,-0.058442344835120855,-0.06055952228462336,0.05491424367354481
285,427,0.649563318666491,0.5589798086213171,0.5802337937399984,0.2177161152251674,-0.06572588132357936,-0.06251720693976749,-0.06011898598567887,-0.062379022228349124,0.056374287314448664
272,96,0.47925764183964625,0.4091392135346142,0.44527098823637234,0.13767342580414996,-0.03828958329975083,-0.035346460876313324,-0.03578701681394189,-0.03529545883381813,0.0367606694869683
267,16,0.510917030480534,0.5292242294551633,0.48459086070593266,0.15048025611151275,-0.01650260766380016,-0.026385347834082737,-0.026405050875021083,-0.026384639749404304,0.026444679081602935
408,17,0.11899563316747482,0.23273113704955978,0.21785334746648288,0.35112059759352976,0.18641738580160547,0.1703281816937044,0.1771942204786163,0.15429501104694898,0.2934691467029629
399,103,0.19323144101507378,0.29649309240560356,0.25929861844791136,0.09391675558732711,0.09863322386730097,0.09821036285671983,0.10403844207735186,0.09266527485374165,0.1459919140139578
410,191,0.14192139735570392,0.1232731136883513,0.06057385758824158,0.35965848446510496,-0.029365926524925454,-0.18076996249047625,-0.17369451394480986,-0.13003321588699202,0.40170580856403754
395,304,0.24672489078760831,0.4516471837719767,0.1721572794613182,0.35645677688826427,-0.013026582680529359,-0.11521237826337333,-0.12172421169744756,-0.10303988365183103,0.17801148567788272
437,372,0.24344978161786132,0.3092454834768123,0.12539851220021941,0.24759871927568056,-0.04186574623340979,-0.19437519979228085,-0.20380410969596974,-0.16657738326482086,0.3200450216891638
394,405,0.20742358075064415,0.30499468645307604,0.337938363387032,0.36072572032405187,0.20189289219126652,0.1767312386857899,0.1872751426663405,0.17377638671599316,0.23931335114626306
406,631,0.5895196505544623,0.5706695004365918,0.5855472900196687,0.2017075773409639,-0.006901035221910357,-0.0036645532728100056,-0.003557219709153975,-0.0036532155524133803,0.0033805540672674473
523,15,0.12991266373329818,0.3730074388328561,0.1806588735087907,0.25186766271146815,0.12405572675343084,0.09105752630879313,0.09390705467058408,0.07915736238648319,0.16339095852241486
526,75,0.2139737990901382,0.16790648243758194,0.31349628050054856,0.08110992527996433,0.1031459228176873,0.1370307934652147,0.14529111344576429,0.1332527735869522,0.18867533409100432
267,616,0.6342794758743382,0.4091392135346142,0.39426142395153735,0.15048025611151275,-0.14734079357232718,-0.23666337583546407,-0.23553492164830572,-0.23699435430401827,0.23335556994334408
269,554,0.6943231439863667,0.5366631242467018,0.489904356985603,0.16969050157255694,-0.13763448618668186,-0.18784575714653617,-0.1820575623764544,-0.18854725325725852,0.17261637483002568
267,375,0.6189956330821855,0.4697130711228558,0.539851222014504,0.18356456773886662,-0.08125777491757041,-0.0735199269665703,-0.07156526953057493,-0.07351272447180324,0.06829519822254267
271,279,0.5895196505544623,0.489904356985603,0.505844845824614,0.18676627531570733,-0.07453258687435223,-0.07994910480621133,-0.07867260418406188,-0.08000668745641737,0.07638925562467422
279,63,0.4803493448962286,0.4516471837719767,0.3974495217193395,0.1291355389325748,-0.05962270337756818,-0.08848171881473471,-0.09025178844419543,-0.0880530209151269,0.09443947663855543
275,10,0.35807860255900675,0.30499468645307604,0.3496280552023067,0.1035218783178492,-0.01696664518919226,-0.010045108594408526,-0.01049567914949763,-0.009888615904820597,0.01194056610700138
416,406,0.17358078599659169,0.19447396383593352,0.17109458020538412,0.37993596578509603,0.0021581908424434205,-0.004234717969231354,-0.0044150151975011955,-0.003694523035535524,0.007212952488984102
408,624,0.5272925763292691,0.4930924547534052,0.5313496279670314,0.23265741725042396,-0.0036219675066672358,0.003943062779399934,0.0039043827905655792,0.003941259605314107,0.0038322783883478775
523,629,0.5469432313477512,0.5621679063891193,0.6461211476079103,0.2710779081725123,0.09732484647042325,0.09079901184490106,0.08786786981382537,0.09007290512829824,0.08312800334903661
272,297,0.6331877728177558,0.4814027629381305,0.5717321996925259,0.19210245461044181,-0.07180216450229127,-0.05598609489441376,-0.05406868248121446,-0.055885200345317854,0.051003415204064415
278,75,0.4115720523315413,0.42614240162955924,0.455897980795713,0.16648879399571623,0.04250673197172673,0.047591378930388895,0.04862149382612926,0.0475538528652476,0.05109736988999682
501,423,0.2903930130509018,0.26142401695977946,0.17003188094945007,0.3447171824398484,-0.05976975246100038,-0.1773790026541054,-0.18797913732234484,-0.16042884774299004,0.26140752861415617
600,240,0.21834061131646754,0.2635494154716476,0.33687566413109793,0.11739594448415888,0.16025243320512947,0.15907863168495173,0.16849713215669365,0.1562210247971504,0.2134896509087004
575,342,0.2510917030139377,0.36769394255318577,0.22422954300208728,0.038420490922088366,0.0016348133241802525,-0.0389621132601213,-0.04131234121368744,-0.036186606087466044,0.05651247506980512
581,406,0.413755458444706,0.48034006368219645,0.7162592984995584,0.1141942369073182,0.4419782532867448,0.2845685684491512,0.2783735483079753,0.2812304356527632,0.2676966559886324
572,73,0.38973799119989455,0.23060573853769165,0.10520722633747223,0.19530416218728253,-0.07003532178519115,-0.4044327012931634,-0.4289601443692002,-0.36192115393248614,0.5748616090996066
571,208,0.16921397377026234,0.15940488839010944,0.16471838466977975,0.18569903945676042,-0.005410301497328352,-0.007779488146191271,-0.008086153948803528,-0.0067290910893291755,0.013462175901561502
559,249,0.2543668121836847,0.31562167901241667,0.24017003184109822,0.1045891141767961,0.0008436412225044377,-0.020187671763465607,-0.021411937530353163,-0.018938157184793858,0.028706650126049546
599,270,0.2347161571652026,0.1115834218730766,0.19659936234780165,0.24653148341673367,-0.0461667939955108,-0.05803818471888823,-0.061391204443337594,-0.05272317636914603,0.08837129768116934
567,300,0.5895196505544623,0.25929861844791136,0.43570669493296577,0.13553895408625616,-0.13975510321249784,-0.15190811422609565,-0.15126800599881132,-0.15203084938011724,0.1500268440554392
575,544,0.08842794758316935,0.21997874597835101,0.1806588735087907,0.37780149406720226,0.2044714292174354,0.1777961264656685,0.17988163465607193,0.1526109199371043,0.3427425297496128
577,617,0.11790393011089247,0.06801275237978002,0.031880977678021886,0.06616862325470774,-0.021304630930613536,-0.22226232250714714,-0.19857717521389845,-0.14261386329678538,0.5742715789278645
278,633,0.6844978164771257,0.5504782145738446,0.5589798086213171,0.18569903945676042,-0.10388848892245525,-0.11256033243640501,-0.10798874497003494,-0.11254666690278059,0.10094031150020374
266,566,0.6233624453085148,0.40807651427868014,0.5993623803468114,0.2102454642125391,-0.0598592957256593,-0.021704310125678857,-0.020897048723595924,-0.02161832461604285,0.019628171807024825
356,112,0.1015283842621574,0.14558979806296662,0.07970244419505472,0.2123799359304329,-0.006788606023784091,-0.05126782891706742,-0.04805776132570565,-0.03650109573829141,0.12042506998971474
600,240,0.21834061131646754,0.2635494154716476,0.33687566413109793,0.11739594448415888,0.16025243320512947,0.15907863168495173,0.16849713215669365,0.1562210247971504,0.2134896509087004
575,342,0.2510917030139377,0.36769394255318577,0.22422954300208728,0.038420490922088366,0.0016348133241802525,-0.0389621132601213,-0.04131234121368744,-0.036186606087466044,0.05651247506980512
581,406,0.413755458444706,0.48034006368219645,0.7162592984995584,0.1141942369073182,0.4419782532867448,0.2845685684491512,0.2783735483079753,0.2812304356527632,0.2676966559886324
428,34,0.10917030565823377,0.5462274175501083,0.17109458020538412,0.26787620059567163,0.21461331227802447,0.11696848527887373,0.1190431987253074,0.09967583850726269,0.22094123383717218
426,200,0.24999999995735533,0.320935175292087,0.1264612114561535,0.17075773743150383,-0.04281501517022293,-0.2013434320077706,-0.2114253001545107,-0.17324575673250753,0.32814937650446796
465,356,0.21288209603355585,0.1721572794613182,0.10095642931373598,0.15474919954730035,-0.04632384018382438,-0.19978811143560057,-0.20628961650610528,-0.1638964760942202,0.3566231930751235
501,102,0.25982532746659637,0.3007438894293398,0.3528161529701089,0.1141942369073182,0.11212595978400505,0.11880465623466417,0.12536384839429532,0.1170759117291279,0.15178425656822106
248,292,0.6200873361387678,0.5026567480568117,0.5164718383839546,0.18996798289254802,-0.08860140402023861,-0.09719112752012253,-0.09496890789236684,-0.09728123974358782,0.0911651119938455
228,545,0.6157205239124385,0.4814027629381305,0.5015940488008777,0.18783351117465422,-0.09626080650519792,-0.10796838597591175,-0.10584743978914143,-0.10811020119834391,0.1021426058297731
465,356,0.21288209603355585,0.1721572794613182,0.10095642931373598,0.15474919954730035,-0.04632384018382438,-0.19978811143560057,-0.20628961650610528,-0.1638964760942202,0.3566231930751235
579,140,0.23034934493887327,0.2348565355614279,0.11583421889681285,0.16115261470098174,-0.045613079027671456,-0.19462712026357626,-0.20299455712559172,-0.1640901594226395,0.3307835160945797
572,73,0.38973799119989455,0.23060573853769165,0.10520722633747223,0.19530416218728253,-0.07003532178519115,-0.4044327012931634,-0.4289601443692002,-0.36192115393248614,0.5748616090996066
571,208,0.16921397377026234,0.15940488839010944,0.16471838466977975,0.18569903945676042,-0.005410301497328352,-0.007779488146191271,-0.008086153948803528,-0.0067290910893291755,0.013462175901561502
559,249,0.2543668121836847,0.31562167901241667,0.24017003184109822,0.1045891141767961,0.0008436412225044377,-0.020187671763465607,-0.021411937530353163,-0.018938157184793858,0.028706650126049546
599,270,0.2347161571652026,0.1115834218730766,0.19659936234780165,0.24653148341673367,-0.0461667939955108,-0.05803818471888823,-0.061391204443337594,-0.05272317636914603,0.08837129768116934
567,300,0.5895196505544623,0.25929861844791136,0.43570669493296577,0.13553895408625616,-0.13975510321249784,-0.15190811422609565,-0.15126800599881132,-0.15203084938011724,0.1500268440554392
575,544,0.08842794758316935,0.21997874597835101,0.1806588735087907,0.37780149406720226,0.2044714292174354,0.1777961264656685,0.17988163465607193,0.1526109199371043,0.3427425297496128
577,617,0.11790393011089247,0.06801275237978002,0.031880977678021886,0.06616862325470774,-0.021304630930613536,-0.22226232250714714,-0.19857717521389845,-0.14261386329678538,0.5742715789278645
274,218,0.42358078595394705,0.35387885222604293,0.4718384696347239,0.13340448236836236,0.02747522454388063,0.05099772373592108,0.05187401556876972,0.05099393658871332,0.05389334700226257
544,112,0.12554585150696884,0.08501594047472504,0.04144527098142845,0.03415154748630077,-0.024884635351313293,-0.2057971122171067,-0.18913141015519347,-0.13779263299537414,0.5035928918688408
228,545,0.6157205239124385,0.4814027629381305,0.5015940488008777,0.18783351117465422,-0.09626080650519792,-0.10796838597591175,-0.10584743978914143,-0.10811020119834391,0.1021426058297731
249,248,0.6517467247796556,0.4962805525212074,0.5462274175501083,0.18783351117465422,-0.09680609994308861,-0.09640655835295901,-0.09321584443921752,-0.09641448705764821,0.08808075590772002
233,146,0.6189956330821855,0.4548352815397789,0.489904356985603,0.17929562430307902,-0.10771867899955578,-0.12258821148405538,-0.12035284765812482,-0.12279199188177503,0.11641275533975105
243,54,0.417030567614453,0.3613177470175814,0.3411264611548342,0.12486659549678718,-0.05878406957268921,-0.08717316188724675,-0.09049367083739937,-0.08585893468525885,0.10011527756675624
474,121,0.2663755458060904,0.13708820401549413,0.09776833154593378,0.06083244395997324,-0.05899568279971472,-0.2794046694202004,-0.29266871804044353,-0.23562316688949403,0.4630108732494377
490,279,0.1441048034688686,0.3730074388328561,0.24973432514450478,0.32977588041459177,0.2257673794478214,0.1683140462263708,0.17726065198662783,0.157414714047713,0.2681979291871074
228,545,0.6157205239124385,0.4814027629381305,0.5015940488008777,0.18783351117465422,-0.09626080650519792,-0.10796838597591175,-0.10584743978914143,-0.10811020119834391,0.1021426058297731
272,297,0.6331877728177558,0.4814027629381305,0.5717321996925259,0.19210245461044181,-0.07180216450229127,-0.05598609489441376,-0.05406868248121446,-0.055885200345317854,0.051003415204064415
278,75,0.4115720523315413,0.42614240162955924,0.455897980795713,0.16648879399571623,0.04250673197172673,0.047591378930388895,0.04862149382612926,0.0475538528652476,0.05109736988999682
501,423,0.2903930130509018,0.26142401695977946,0.17003188094945007,0.3447171824398484,-0.05976975246100038,-0.1773790026541054,-0.18797913732234484,-0.16042884774299004,0.26140752861415617
300,381,0.6397379911572499,0.524973432431427,0.6110520721620861,0.2091782283535922,-0.04384268237924946,-0.02564921248814752,-0.024576649960465928,-0.02552544011639779,0.022934014273532765
295,206,0.332969432257613,0.25611052068010914,0.2656748139835157,0.16328708641887554,-0.05521867967309815,-0.08697458308608187,-0.09187780462911092,-0.08335238111046173,0.11240983704211906
291,148,0.2805676855416608,0.27630180654285635,0.31349628050054856,0.12806830307362788,0.02848028431736159,0.04272216010245142,0.04514587115317462,0.04153840101717354,0.055428475172924624
279,89,0.46179039293432883,0.4197662060939548,0.46227417633131734,0.15154749197045966,-0.008026034017103946,0.0005032634611056257,0.0005095742113952837,0.0005028790765930768,0.0005235303976122632
406,27,0.06441048033835793,0.11795961740868098,0.06057385758824158,0.3094983990946007,0.00718430675306743,-0.010851847506904688,-0.009207972841584327,-0.006802817129402339,0.03069435490776507
407,297,0.2925764191640665,0.3868225291599989,0.2890541976140651,0.44397011732191,0.0158378810540693,-0.004618409789213725,-0.004884589830234806,-0.004451329169075979,0.006055710607649594
577,13,0.20742358075064415,0.10520722633747223,0.09883103080186785,0.19210245461044181,-0.05113097119515898,-0.19622377775622074,-0.20202899553675857,-0.159973103532297,0.3545710015097416
475,108,0.21943231437304989,0.20935175341901038,0.27948990431065857,0.046958377793663554,0.058625477998414735,0.08502510177459736,0.09018268753359916,0.08128555010501248,0.12037225078656723
593,235,0.36899563312483014,0.2518597236563729,0.19553666309186757,0.3351120597093263,-0.08594704525564187,-0.23085992389417342,-0.24441346548337606,-0.2158848688561692,0.30725595706223563
248,292,0.6200873361387678,0.5026567480568117,0.5164718383839546,0.18996798289254802,-0.08860140402023861,-0.09719112752012253,-0.09496890789236684,-0.09728123974358782,0.0911651119938455
300,381,0.6397379911572499,0.524973432431427,0.6110520721620861,0.2091782283535922,-0.04384268237924946,-0.02564921248814752,-0.024576649960465928,-0.02552544011639779,0.022934014273532765
295,206,0.332969432257613,0.25611052068010914,0.2656748139835157,0.16328708641887554,-0.05521867967309815,-0.08697458308608187,-0.09187780462911092,-0.08335238111046173,0.11240983704211906
291,148,0.2805676855416608,0.27630180654285635,0.31349628050054856,0.12806830307362788,0.02848028431736159,0.04272216010245142,0.04514587115317462,0.04153840101717354,0.055428475172924624
279,89,0.46179039293432883,0.4197662060939548,0.46227417633131734,0.15154749197045966,-0.008026034017103946,0.0005032634611056257,0.0005095742113952837,0.0005028790765930768,0.0005235303976122632
406,27,0.06441048033835793,0.11795961740868098,0.06057385758824158,0.3094983990946007,0.00718430675306743,-0.010851847506904688,-0.009207972841584327,-0.006802817129402339,0.03069435490776507
407,297,0.2925764191640665,0.3868225291599989,0.2890541976140651,0.44397011732191,0.0158378810540693,-0.004618409789213725,-0.004884589830234806,-0.004451329169075979,0.006055710607649594
278,633,0.6844978164771257,0.5504782145738446,0.5589798086213171,0.18569903945676042,-0.10388848892245525,-0.11256033243640501,-0.10798874497003494,-0.11254666690278059,0.10094031150020374
266,566,0.6233624453085148,0.40807651427868014,0.5993623803468114,0.2102454642125391,-0.0598592957256593,-0.021704310125678857,-0.020897048723595924,-0.02161832461604285,0.019628171807024825
356,112,0.1015283842621574,0.14558979806296662,0.07970244419505472,0.2123799359304329,-0.006788606023784091,-0.05126782891706742,-0.04805776132570565,-0.03650109573829141,0.12042506998971474
267,616,0.6342794758743382,0.4091392135346142,0.39426142395153735,0.15048025611151275,-0.14734079357232718,-0.23666337583546407,-0.23553492164830572,-0.23699435430401827,0.23335556994334408
269,554,0.6943231439863667,0.5366631242467018,0.489904356985603,0.16969050157255694,-0.13763448618668186,-0.18784575714653617,-0.1820575623764544,-0.18854725325725852,0.17261637483002568
267,375,0.6189956330821855,0.4697130711228558,0.539851222014504,0.18356456773886662,-0.08125777491757041,-0.0735199269665703,-0.07156526953057493,-0.07351272447180324,0.06829519822254267
271,279,0.5895196505544623,0.489904356985603,0.505844845824614,0.18676627531570733,-0.07453258687435223,-0.07994910480621133,-0.07867260418406188,-0.08000668745641737,0.07638925562467422
279,63,0.4803493448962286,0.4516471837719767,0.3974495217193395,0.1291355389325748,-0.05962270337756818,-0.08848171881473471,-0.09025178844419543,-0.0880530209151269,0.09443947663855543
275,10,0.35807860255900675,0.30499468645307604,0.3496280552023067,0.1035218783178492,-0.01696664518919226,-0.010045108594408526,-0.01049567914949763,-0.009888615904820597,0.01194056610700138
416,406,0.17358078599659169,0.19447396383593352,0.17109458020538412,0.37993596578509603,0.0021581908424434205,-0.004234717969231354,-0.0044150151975011955,-0.003694523035535524,0.007212952488984102
408,624,0.5272925763292691,0.4930924547534052,0.5313496279670314,0.23265741725042396,-0.0036219675066672358,0.003943062779399934,0.0039043827905655792,0.003941259605314107,0.0038322783883478775
523,629,0.5469432313477512,0.5621679063891193,0.6461211476079103,0.2710779081725123,0.09732484647042325,0.09079901184490106,0.08786786981382537,0.09007290512829824,0.08312800334903661
501,102,0.25982532746659637,0.3007438894293398,0.3528161529701089,0.1141942369073182,0.11212595978400505,0.11880465623466417,0.12536384839429532,0.1170759117291279,0.15178425656822106
248,292,0.6200873361387678,0.5026567480568117,0.5164718383839546,0.18996798289254802,-0.08860140402023861,-0.09719112752012253,-0.09496890789236684,-0.09728123974358782,0.0911651119938455
275,559,0.6441048033835792,0.46014877781944924,0.5770456959721961,0.18569903945676042,-0.08102148150890495,-0.06068360355185669,-0.058442344835120855,-0.06055952228462336,0.05491424367354481
285,427,0.649563318666491,0.5589798086213171,0.5802337937399984,0.2177161152251674,-0.06572588132357936,-0.06251720693976749,-0.06011898598567887,-0.062379022228349124,0.056374287314448664
272,96,0.47925764183964625,0.4091392135346142,0.44527098823637234,0.13767342580414996,-0.03828958329975083,-0.035346460876313324,-0.03578701681394189,-0.03529545883381813,0.0367606694869683
267,16,0.510917030480534,0.5292242294551633,0.48459086070593266,0.15048025611151275,-0.01650260766380016,-0.026385347834082737,-0.026405050875021083,-0.026384639749404304,0.026444679081602935
408,17,0.11899563316747482,0.23273113704955978,0.21785334746648288,0.35112059759352976,0.18641738580160547,0.1703281816937044,0.1771942204786163,0.15429501104694898,0.2934691467029629
399,103,0.19323144101507378,0.29649309240560356,0.25929861844791136,0.09391675558732711,0.09863322386730097,0.09821036285671983,0.10403844207735186,0.09266527485374165,0.1459919140139578
410,191,0.14192139735570392,0.1232731136883513,0.06057385758824158,0.35965848446510496,-0.029365926524925454,-0.18076996249047625,-0.17369451394480986,-0.13003321588699202,0.40170580856403754
395,304,0.24672489078760831,0.4516471837719767,0.1721572794613182,0.35645677688826427,-0.013026582680529359,-0.11521237826337333,-0.12172421169744756,-0.10303988365183103,0.17801148567788272
437,372,0.24344978161786132,0.3092454834768123,0.12539851220021941,0.24759871927568056,-0.04186574623340979,-0.19437519979228085,-0.20380410969596974,-0.16657738326482086,0.3200450216891638
394,405,0.20742358075064415,0.30499468645307604,0.337938363387032,0.36072572032405187,0.20189289219126652,0.1767312386857899,0.1872751426663405,0.17377638671599316,0.23931335114626306
406,631,0.5895196505544623,0.5706695004365918,0.5855472900196687,0.2017075773409639,-0.006901035221910357,-0.0036645532728100056,-0.003557219709153975,-0.0036532155524133803,0.0033805540672674473
523,15,0.12991266373329818,0.3730074388328561,0.1806588735087907,0.25186766271146815,0.12405572675343084,0.09105752630879313,0.09390705467058408,0.07915736238648319,0.16339095852241486
526,75,0.2139737990901382,0.16790648243758194,0.31349628050054856,0.08110992527996433,0.1031459228176873,0.1370307934652147,0.14529111344576429,0.1332527735869522,0.18867533409100432
428,34,0.10917030565823377,0.5462274175501083,0.17109458020538412,0.26787620059567163,0.21461331227802447,0.11696848527887373,0.1190431987253074,0.09967583850726269,0.22094123383717218
426,200,0.24999999995735533,0.320935175292087,0.1264612114561535,0.17075773743150383,-0.04281501517022293,-0.2013434320077706,-0.2114253001545107,-0.17324575673250753,0.32814937650446796
465,356,0.21288209603355585,0.1721572794613182,0.10095642931373598,0.15474919954730035,-0.04632384018382438,-0.19978811143560057,-0.20628961650610528,-0.1638964760942202,0.3566231930751235
267,616,0.6342794758743382,0.4091392135346142,0.39426142395153735,0.15048025611151275,-0.14734079357232718,-0.23666337583546407,-0.23553492164830572,-0.23699435430401827,0.23335556994334408
269,554,0.6943231439863667,0.5366631242467018,0.489904356985603,0.16969050157255694,-0.13763448618668186,-0.18784575714653617,-0.1820575623764544,-0.18854725325725852,0.17261637483002568
267,375,0.6189956330821855,0.4697130711228558,0.539851222014504,0.18356456773886662,-0.08125777491757041,-0.0735199269665703,-0.07156526953057493,-0.07351272447180324,0.06829519822254267
271,279,0.5895196505544623,0.489904356985603,0.505844845824614,0.18676627531570733,-0.07453258687435223,-0.07994910480621133,-0.07867260418406188,-0.08000668745641737,0.07638925562467422
279,63,0.4803493448962286,0.4516471837719767,0.3974495217193395,0.1291355389325748,-0.05962270337756818,-0.08848171881473471,-0.09025178844419543,-0.0880530209151269,0.09443947663855543
275,10,0.35807860255900675,0.30499468645307604,0.3496280552023067,0.1035218783178492,-0.01696664518919226,-0.010045108594408526,-0.01049567914949763,-0.009888615904820597,0.01194056610700138
416,406,0.17358078599659169,0.19447396383593352,0.17109458020538412,0.37993596578509603,0.0021581908424434205,-0.004234717969231354,-0.0044150151975011955,-0.003694523035535524,0.007212952488984102
408,624,0.5272925763292691,0.4930924547534052,0.5313496279670314,0.23265741725042396,-0.0036219675066672358,0.003943062779399934,0.0039043827905655792,0.003941259605314107,0.0038322783883478775
523,629,0.5469432313477512,0.5621679063891193,0.6461211476079103,0.2710779081725123,0.09732484647042325,0.09079901184490106,0.08786786981382537,0.09007290512829824,0.08312800334903661
275,579,0.6353711789309205,0.48565355996186677,0.6036131773705478,0.18463180359781353,-0.05258253452902994,-0.02853110710422379,-0.027393427517477295,-0.028410702624803053,0.025632086603105467
264,41,0.4039301309354649,0.36769394255318577,0.4867162592178008,0.16435432227782243,0.07106830659730133,0.08772079367229281,0.0892953963406677,0.08780764733081392,0.09294958527857408
394,482,0.24999999995735533,0.15940488839010944,0.0945802337781316,0.09605122730522091,-0.053891490633055254,-0.26476146247166793,-0.27602693142627155,-0.22050576690269108,0.45102777727057464
396,564,0.6026200872334504,0.44845908600417456,0.4867162592178008,0.13020277479152167,-0.09978981259631713,-0.11104900074143773,-0.1093881690399946,-0.11119838374786584,0.10639755661689078
274,218,0.42358078595394705,0.35387885222604293,0.4718384696347239,0.13340448236836236,0.02747522454388063,0.05099772373592108,0.05187401556876972,0.05099393658871332,0.05389334700226257
544,112,0.12554585150696884,0.08501594047472504,0.04144527098142845,0.03415154748630077,-0.024884635351313293,-0.2057971122171067,-0.18913141015519347,-0.13779263299537414,0.5035928918688408
600,240,0.21834061131646754,0.2635494154716476,0.33687566413109793,0.11739594448415888,0.16025243320512947,0.15907863168495173,0.16849713215669365,0.1562210247971504,0.2134896509087004
575,342,0.2510917030139377,0.36769394255318577,0.22422954300208728,0.038420490922088366,0.0016348133241802525,-0.0389621132601213,-0.04131234121368744,-0.036186606087466044,0.05651247506980512
581,406,0.413755458444706,0.48034006368219645,0.7162592984995584,0.1141942369073182,0.4419782532867448,0.2845685684491512,0.2783735483079753,0.2812304356527632,0.2676966559886324
577,13,0.20742358075064415,0.10520722633747223,0.09883103080186785,0.19210245461044181,-0.05113097119515898,-0.19622377775622074,-0.20202899553675857,-0.159973103532297,0.3545710015097416
475,108,0.21943231437304989,0.20935175341901038,0.27948990431065857,0.046958377793663554,0.058625477998414735,0.08502510177459736,0.09018268753359916,0.08128555010501248,0.12037225078656723
593,235,0.36899563312483014,0.2518597236563729,0.19553666309186757,0.3351120597093263,-0.08594704525564187,-0.23085992389417342,-0.24441346548337606,-0.2158848688561692,0.30725595706223563
275,559,0.6441048033835792,0.46014877781944924,0.5770456959721961,0.18569903945676042,-0.08102148150890495,-0.06068360355185669,-0.058442344835120855,-0.06055952228462336,0.05491424367354481
285,427,0.649563318666491,0.5589798086213171,0.5802337937399984,0.2177161152251674,-0.06572588132357936,-0.06251720693976749,-0.06011898598567887,-0.062379022228349124,0.056374287314448664
272,96,0.47925764183964625,0.4091392135346142,0.44527098823637234,0.13767342580414996,-0.03828958329975083,-0.035346460876313324,-0.03578701681394189,-0.03529545883381813,0.0367606694869683
267,16,0.510917030480534,0.5292242294551633,0.48459086070593266,0.15048025611151275,-0.01650260766380016,-0.026385347834082737,-0.026405050875021083,-0.026384639749404304,0.026444679081602935
408,17,0.11899563316747482,0.23273113704955978,0.21785334746648288,0.35112059759352976,0.18641738580160547,0.1703281816937044,0.1771942204786163,0.15429501104694898,0.2934691467029629
399,103,0.19323144101507378,0.29649309240560356,0.25929861844791136,0.09391675558732711,0.09863322386730097,0.09821036285671983,0.10403844207735186,0.09266527485374165,0.1459919140139578
410,191,0.14192139735570392,0.1232731136883513,0.06057385758824158,0.35965848446510496,-0.029365926524925454,-0.18076996249047625,-0.17369451394480986,-0.13003321588699202,0.40170580856403754
395,304,0.24672489078760831,0.4516471837719767,0.1721572794613182,0.35645677688826427,-0.013026582680529359,-0.11521237826337333,-0.12172421169744756,-0.10303988365183103,0.17801148567788272
437,372,0.24344978161786132,0.3092454834768123,0.12539851220021941,0.24759871927568056,-0.04186574623340979,-0.19437519979228085,-0.20380410969596974,-0.16657738326482086,0.3200450216891638
394,405,0.20742358075064415,0.30499468645307604,0.337938363387032,0.36072572032405187,0.20189289219126652,0.1767312386857899,0.1872751426663405,0.17377638671599316,0.23931335114626306
406,631,0.5895196505544623,0.5706695004365918,0.5855472900196687,0.2017075773409639,-0.006901035221910357,-0.0036645532728100056,-0.003557219709153975,-0.0036532155524133803,0.0033805540672674473
523,15,0.12991266373329818,0.3730074388328561,0.1806588735087907,0.25186766271146815,0.12405572675343084,0.09105752630879313,0.09390705467058408,0.07915736238648319,0.16339095852241486
526,75,0.2139737990901382,0.16790648243758194,0.31349628050054856,0.08110992527996433,0.1031459228176873,0.1370307934652147,0.14529111344576429,0.1332527735869522,0.18867533409100432
272,297,0.6331877728177558,0.4814027629381305,0.5717321996925259,0.19210245461044181,-0.07180216450229127,-0.05598609489441376,-0.05406868248121446,-0.055885200345317854,0.051003415204064415
278,75,0.4115720523315413,0.42614240162955924,0.455897980795713,0.16648879399571623,0.04250673197172673,0.047591378930388895,0.04862149382612926,0.0475538528652476,0.05109736988999682
501,423,0.2903930130509018,0.26142401695977946,0.17003188094945007,0.3447171824398484,-0.05976975246100038,-0.1773790026541054,-0.18797913732234484,-0.16042884774299004,0.26140752861415617
579,140,0.23034934493887327,0.2348565355614279,0.11583421889681285,0.16115261470098174,-0.045613079027671456,-0.19462712026357626,-0.20299455712559172,-0.1640901594226395,0.3307835160945797
275,579,0.6353711789309205,0.48565355996186677,0.6036131773705478,0.18463180359781353,-0.05258253452902994,-0.02853110710422379,-0.027393427517477295,-0.028410702624803053,0.025632086603105467
264,41,0.4039301309354649,0.36769394255318577,0.4867162592178008,0.16435432227782243,0.07106830659730133,0.08772079367229281,0.0892953963406677,0.08780764733081392,0.09294958527857408
394,482,0.24999999995735533,0.15940488839010944,0.0945802337781316,0.09605122730522091,-0.053891490633055254,-0.26476146247166793,-0.27602693142627155,-0.22050576690269108,0.45102777727057464
396,564,0.6026200872334504,0.44845908600417456,0.4867162592178008,0.13020277479152167,-0.09978981259631713,-0.11104900074143773,-0.1093881690399946,-0.11119838374786584,0.10639755661689078
